Date,Price
18-07-2010,0.1
19-07-2010,0.1
20-07-2010,0.1
21-07-2010,0.1
22-07-2010,0.1
23-07-2010,0.1
24-07-2010,0.1
25-07-2010,0.1
26-07-2010,0.1
27-07-2010,0.1
28-07-2010,0.1
29-07-2010,0.1
30-07-2010,0.1
31-07-2010,0.1
01-08-2010,0.1
02-08-2010,0.1
03-08-2010,0.1
04-08-2010,0.1
05-08-2010,0.1
06-08-2010,0.1
07-08-2010,0.1
08-08-2010,0.1
09-08-2010,0.1
10-08-2010,0.1
11-08-2010,0.1
12-08-2010,0.1
13-08-2010,0.1
14-08-2010,0.1
15-08-2010,0.1
16-08-2010,0.1
17-08-2010,0.1
18-08-2010,0.1
19-08-2010,0.1
20-08-2010,0.1
21-08-2010,0.1
22-08-2010,0.1
23-08-2010,0.1
24-08-2010,0.1
25-08-2010,0.1
26-08-2010,0.1
27-08-2010,0.1
28-08-2010,0.1
29-08-2010,0.1
30-08-2010,0.1
31-08-2010,0.1
01-09-2010,0.1
02-09-2010,0.1
03-09-2010,0.1
04-09-2010,0.1
05-09-2010,0.1
06-09-2010,0.1
07-09-2010,0.1
08-09-2010,0.1
09-09-2010,0.1
10-09-2010,0.1
11-09-2010,0.1
12-09-2010,0.1
13-09-2010,0.1
14-09-2010,0.1
15-09-2010,0.1
16-09-2010,0.1
17-09-2010,0.1
18-09-2010,0.1
19-09-2010,0.1
20-09-2010,0.1
21-09-2010,0.1
22-09-2010,0.1
23-09-2010,0.1
24-09-2010,0.1
25-09-2010,0.1
26-09-2010,0.1
27-09-2010,0.1
28-09-2010,0.1
29-09-2010,0.1
30-09-2010,0.1
01-10-2010,0.1
02-10-2010,0.1
03-10-2010,0.1
04-10-2010,0.1
05-10-2010,0.1
06-10-2010,0.1
07-10-2010,0.1
08-10-2010,0.1
09-10-2010,0.1
10-10-2010,0.1
11-10-2010,0.1
12-10-2010,0.1
13-10-2010,0.1
14-10-2010,0.1
15-10-2010,0.1
16-10-2010,0.1
17-10-2010,0.1
18-10-2010,0.1
19-10-2010,0.1
20-10-2010,0.1
21-10-2010,0.1
22-10-2010,0.1
23-10-2010,0.1
24-10-2010,0.1
25-10-2010,0.1
26-10-2010,0.2
27-10-2010,0.2
28-10-2010,0.2
29-10-2010,0.2
30-10-2010,0.2
31-10-2010,0.2
01-11-2010,0.2
02-11-2010,0.2
03-11-2010,0.2
04-11-2010,0.2
05-11-2010,0.3
06-11-2010,0.4
07-11-2010,0.3
08-11-2010,0.2
09-11-2010,0.2
10-11-2010,0.2
11-11-2010,0.2
12-11-2010,0.3
13-11-2010,0.3
14-11-2010,0.3
15-11-2010,0.3
16-11-2010,0.2
17-11-2010,0.2
18-11-2010,0.3
19-11-2010,0.3
20-11-2010,0.3
21-11-2010,0.3
22-11-2010,0.3
23-11-2010,0.3
24-11-2010,0.3
25-11-2010,0.3
26-11-2010,0.3
27-11-2010,0.3
28-11-2010,0.3
29-11-2010,0.2
30-11-2010,0.2
01-12-2010,0.2
02-12-2010,0.3
03-12-2010,0.3
04-12-2010,0.2
05-12-2010,0.2
06-12-2010,0.2
07-12-2010,0.2
08-12-2010,0.2
09-12-2010,0.2
10-12-2010,0.2
11-12-2010,0.2
12-12-2010,0.2
13-12-2010,0.2
14-12-2010,0.2
15-12-2010,0.2
16-12-2010,0.3
17-12-2010,0.2
18-12-2010,0.2
19-12-2010,0.2
20-12-2010,0.3
21-12-2010,0.2
22-12-2010,0.3
23-12-2010,0.3
24-12-2010,0.2
25-12-2010,0.2
26-12-2010,0.3
27-12-2010,0.3
28-12-2010,0.3
29-12-2010,0.3
30-12-2010,0.3
31-12-2010,0.3
01-01-2011,0.3
02-01-2011,0.3
03-01-2011,0.3
04-01-2011,0.3
05-01-2011,0.3
06-01-2011,0.3
07-01-2011,0.3
08-01-2011,0.3
09-01-2011,0.3
10-01-2011,0.3
11-01-2011,0.3
12-01-2011,0.3
13-01-2011,0.3
14-01-2011,0.4
15-01-2011,0.4
16-01-2011,0.4
17-01-2011,0.3
18-01-2011,0.3
19-01-2011,0.3
20-01-2011,0.4
21-01-2011,0.4
22-01-2011,0.4
23-01-2011,0.4
24-01-2011,0.4
25-01-2011,0.4
26-01-2011,0.4
27-01-2011,0.4
28-01-2011,0.4
29-01-2011,0.4
30-01-2011,0.5
31-01-2011,0.5
01-02-2011,0.7
02-02-2011,0.7
03-02-2011,0.7
04-02-2011,0.8
05-02-2011,0.9
06-02-2011,0.9
07-02-2011,0.9
08-02-2011,0.9
09-02-2011,1.1
10-02-2011,1.0
11-02-2011,1.1
12-02-2011,1.1
13-02-2011,1.0
14-02-2011,1.1
15-02-2011,1.0
16-02-2011,1.0
17-02-2011,1.0
18-02-2011,0.9
19-02-2011,0.9
20-02-2011,0.9
21-02-2011,0.8
22-02-2011,0.9
23-02-2011,0.9
24-02-2011,1.0
25-02-2011,0.9
26-02-2011,1.0
27-02-2011,0.9
28-02-2011,0.9
01-03-2011,0.9
02-03-2011,0.9
03-03-2011,0.9
04-03-2011,0.9
05-03-2011,0.9
06-03-2011,0.9
07-03-2011,0.9
08-03-2011,0.9
09-03-2011,0.9
10-03-2011,0.9
11-03-2011,0.9
12-03-2011,0.9
13-03-2011,0.9
14-03-2011,0.9
15-03-2011,0.9
16-03-2011,0.9
17-03-2011,0.8
18-03-2011,0.8
19-03-2011,0.8
20-03-2011,0.7
21-03-2011,0.8
22-03-2011,0.8
23-03-2011,0.8
24-03-2011,0.9
25-03-2011,0.9
26-03-2011,0.9
27-03-2011,0.8
28-03-2011,0.8
29-03-2011,0.8
30-03-2011,0.8
31-03-2011,0.8
01-04-2011,0.8
02-04-2011,0.8
03-04-2011,0.8
04-04-2011,0.7
05-04-2011,0.7
06-04-2011,0.7
07-04-2011,0.8
08-04-2011,0.8
09-04-2011,0.7
10-04-2011,0.7
11-04-2011,0.8
12-04-2011,0.9
13-04-2011,0.9
14-04-2011,1.0
15-04-2011,1.0
16-04-2011,1.0
17-04-2011,1.1
18-04-2011,1.2
19-04-2011,1.2
20-04-2011,1.1
21-04-2011,1.2
22-04-2011,1.4
23-04-2011,1.7
24-04-2011,1.6
25-04-2011,1.6
26-04-2011,1.8
27-04-2011,1.9
28-04-2011,2.2
29-04-2011,2.9
30-04-2011,3.5
01-05-2011,3.0
02-05-2011,3.2
03-05-2011,3.4
04-05-2011,3.4
05-05-2011,3.3
06-05-2011,3.5
07-05-2011,3.6
08-05-2011,3.9
09-05-2011,3.8
10-05-2011,5.8
11-05-2011,5.5
12-05-2011,6.3
13-05-2011,8.2
14-05-2011,7.2
15-05-2011,7.0
16-05-2011,8.0
17-05-2011,7.2
18-05-2011,6.9
19-05-2011,6.8
20-05-2011,5.6
21-05-2011,6.1
22-05-2011,6.7
23-05-2011,7.2
24-05-2011,7.4
25-05-2011,8.4
26-05-2011,8.8
27-05-2011,8.5
28-05-2011,8.3
29-05-2011,8.4
30-05-2011,8.8
31-05-2011,8.7
01-06-2011,9.6
02-06-2011,10.6
03-06-2011,14.3
04-06-2011,18.9
05-06-2011,16.7
06-06-2011,18.5
07-06-2011,23.9
08-06-2011,29.6
09-06-2011,28.9
10-06-2011,24.0
11-06-2011,14.6
12-06-2011,18.5
13-06-2011,19.8
14-06-2011,19.3
15-06-2011,19.5
16-06-2011,17.0
17-06-2011,15.7
18-06-2011,16.9
19-06-2011,17.5
20-06-2011,17.5
21-06-2011,17.5
22-06-2011,17.5
23-06-2011,17.5
24-06-2011,17.5
25-06-2011,17.5
26-06-2011,16.5
27-06-2011,16.8
28-06-2011,17.0
29-06-2011,16.9
30-06-2011,16.1
01-07-2011,15.4
02-07-2011,15.4
03-07-2011,15.4
04-07-2011,13.9
05-07-2011,12.9
06-07-2011,14.8
07-07-2011,14.8
08-07-2011,14.3
09-07-2011,14.4
10-07-2011,14.9
11-07-2011,14.2
12-07-2011,14.0
13-07-2011,13.9
14-07-2011,14.0
15-07-2011,13.8
16-07-2011,13.7
17-07-2011,13.2
18-07-2011,13.5
19-07-2011,13.9
20-07-2011,13.7
21-07-2011,13.6
22-07-2011,13.7
23-07-2011,13.7
24-07-2011,14.0
25-07-2011,14.1
26-07-2011,13.9
27-07-2011,13.9
28-07-2011,13.5
29-07-2011,13.5
30-07-2011,13.5
31-07-2011,13.4
01-08-2011,13.1
02-08-2011,12.1
03-08-2011,9.3
04-08-2011,10.8
05-08-2011,9.8
06-08-2011,6.6
07-08-2011,7.9
08-08-2011,7.8
09-08-2011,10.0
10-08-2011,10.0
11-08-2011,9.5
12-08-2011,9.5
13-08-2011,10.1
14-08-2011,10.8
15-08-2011,11.1
16-08-2011,11.0
17-08-2011,10.9
18-08-2011,10.8
19-08-2011,11.6
20-08-2011,11.4
21-08-2011,11.3
22-08-2011,10.9
23-08-2011,10.9
24-08-2011,10.9
25-08-2011,9.7
26-08-2011,8.2
27-08-2011,8.6
28-08-2011,9.1
29-08-2011,9.0
30-08-2011,8.8
31-08-2011,8.2
01-09-2011,8.2
02-09-2011,8.6
03-09-2011,8.5
04-09-2011,8.2
05-09-2011,7.6
06-09-2011,6.9
07-09-2011,7.2
08-09-2011,6.5
09-09-2011,5.0
10-09-2011,4.8
11-09-2011,5.9
12-09-2011,6.1
13-09-2011,5.8
14-09-2011,5.6
15-09-2011,4.8
16-09-2011,4.8
17-09-2011,4.8
18-09-2011,5.2
19-09-2011,5.5
20-09-2011,6.1
21-09-2011,5.6
22-09-2011,5.4
23-09-2011,5.6
24-09-2011,5.5
25-09-2011,5.3
26-09-2011,4.9
27-09-2011,4.9
28-09-2011,4.8
29-09-2011,4.8
30-09-2011,5.1
01-10-2011,5.0
02-10-2011,5.0
03-10-2011,5.0
04-10-2011,5.0
05-10-2011,4.9
06-10-2011,4.7
07-10-2011,4.3
08-10-2011,4.0
09-10-2011,4.1
10-10-2011,4.1
11-10-2011,3.9
12-10-2011,4.2
13-10-2011,4.1
14-10-2011,4.0
15-10-2011,3.8
16-10-2011,3.6
17-10-2011,2.6
18-10-2011,2.4
19-10-2011,2.3
20-10-2011,2.3
21-10-2011,2.6
22-10-2011,3.2
23-10-2011,3.2
24-10-2011,2.5
25-10-2011,2.8
26-10-2011,2.8
27-10-2011,3.0
28-10-2011,3.2
29-10-2011,3.6
30-10-2011,3.3
31-10-2011,3.3
01-11-2011,3.2
02-11-2011,3.3
03-11-2011,3.2
04-11-2011,3.1
05-11-2011,3.0
06-11-2011,3.0
07-11-2011,3.0
08-11-2011,3.0
09-11-2011,3.0
10-11-2011,2.8
11-11-2011,3.1
12-11-2011,3.0
13-11-2011,3.0
14-11-2011,2.2
15-11-2011,2.3
16-11-2011,2.6
17-11-2011,2.3
18-11-2011,2.0
19-11-2011,2.2
20-11-2011,2.2
21-11-2011,2.3
22-11-2011,2.3
23-11-2011,2.3
24-11-2011,2.4
25-11-2011,2.5
26-11-2011,2.5
27-11-2011,2.5
28-11-2011,2.5
29-11-2011,2.8
30-11-2011,3.0
01-12-2011,3.1
02-12-2011,3.1
03-12-2011,2.8
04-12-2011,2.8
05-12-2011,2.9
06-12-2011,3.0
07-12-2011,3.0
08-12-2011,3.0
09-12-2011,3.0
10-12-2011,3.0
11-12-2011,3.3
12-12-2011,3.1
13-12-2011,3.3
14-12-2011,3.2
15-12-2011,3.2
16-12-2011,3.2
17-12-2011,3.2
18-12-2011,3.2
19-12-2011,3.5
20-12-2011,4.0
21-12-2011,3.9
22-12-2011,3.9
23-12-2011,4.0
24-12-2011,3.9
25-12-2011,4.2
26-12-2011,4.0
27-12-2011,4.1
28-12-2011,4.2
29-12-2011,4.2
30-12-2011,4.3
31-12-2011,4.7
01-01-2012,5.3
02-01-2012,5.2
03-01-2012,4.9
04-01-2012,5.6
05-01-2012,6.9
06-01-2012,6.7
07-01-2012,6.8
08-01-2012,7.1
09-01-2012,6.3
10-01-2012,6.4
11-01-2012,6.9
12-01-2012,6.8
13-01-2012,6.4
14-01-2012,6.8
15-01-2012,7.0
16-01-2012,6.7
17-01-2012,5.6
18-01-2012,5.9
19-01-2012,6.4
20-01-2012,6.5
21-01-2012,6.2
22-01-2012,6.3
23-01-2012,6.4
24-01-2012,6.3
25-01-2012,5.8
26-01-2012,5.3
27-01-2012,5.3
28-01-2012,5.6
29-01-2012,5.4
30-01-2012,5.5
31-01-2012,5.5
01-02-2012,6.1
02-02-2012,6.1
03-02-2012,6.0
04-02-2012,5.9
05-02-2012,5.7
06-02-2012,5.4
07-02-2012,5.7
08-02-2012,5.6
09-02-2012,5.8
10-02-2012,5.9
11-02-2012,5.6
12-02-2012,5.5
13-02-2012,5.3
14-02-2012,4.5
15-02-2012,4.3
16-02-2012,4.3
17-02-2012,4.4
18-02-2012,4.2
19-02-2012,4.4
20-02-2012,4.4
21-02-2012,4.3
22-02-2012,4.4
23-02-2012,5.0
24-02-2012,5.0
25-02-2012,4.8
26-02-2012,4.9
27-02-2012,5.0
28-02-2012,4.9
29-02-2012,4.9
01-03-2012,4.9
02-03-2012,4.7
03-03-2012,4.6
04-03-2012,4.8
05-03-2012,5.0
06-03-2012,5.0
07-03-2012,4.9
08-03-2012,4.9
09-03-2012,4.9
10-03-2012,4.8
11-03-2012,4.9
12-03-2012,4.9
13-03-2012,5.3
14-03-2012,5.4
15-03-2012,5.3
16-03-2012,5.3
17-03-2012,5.2
18-03-2012,5.3
19-03-2012,4.7
20-03-2012,4.8
21-03-2012,4.8
22-03-2012,4.7
23-03-2012,4.7
24-03-2012,4.7
25-03-2012,4.6
26-03-2012,4.6
27-03-2012,4.8
28-03-2012,4.8
29-03-2012,4.8
30-03-2012,4.9
31-03-2012,4.9
01-04-2012,4.8
02-04-2012,5.0
03-04-2012,4.9
04-04-2012,4.9
05-04-2012,4.9
06-04-2012,4.9
07-04-2012,4.7
08-04-2012,4.8
09-04-2012,4.9
10-04-2012,4.8
11-04-2012,4.9
12-04-2012,4.9
13-04-2012,4.9
14-04-2012,5.0
15-04-2012,5.0
16-04-2012,4.9
17-04-2012,5.0
18-04-2012,5.1
19-04-2012,5.1
20-04-2012,5.3
21-04-2012,5.3
22-04-2012,5.2
23-04-2012,5.0
24-04-2012,5.1
25-04-2012,5.1
26-04-2012,5.1
27-04-2012,5.1
28-04-2012,5.0
29-04-2012,4.9
30-04-2012,4.9
01-05-2012,5.0
02-05-2012,5.1
03-05-2012,5.1
04-05-2012,5.1
05-05-2012,5.1
06-05-2012,5.1
07-05-2012,5.1
08-05-2012,5.1
09-05-2012,5.0
10-05-2012,4.8
11-05-2012,5.0
12-05-2012,4.9
13-05-2012,4.9
14-05-2012,5.0
15-05-2012,5.0
16-05-2012,5.1
17-05-2012,5.1
18-05-2012,5.1
19-05-2012,5.1
20-05-2012,5.1
21-05-2012,5.1
22-05-2012,5.1
23-05-2012,5.1
24-05-2012,5.1
25-05-2012,5.2
26-05-2012,5.1
27-05-2012,5.1
28-05-2012,5.1
29-05-2012,5.2
30-05-2012,5.1
31-05-2012,5.2
01-06-2012,5.3
02-06-2012,5.3
03-06-2012,5.2
04-06-2012,5.3
05-06-2012,5.4
06-06-2012,5.5
07-06-2012,5.6
08-06-2012,5.6
09-06-2012,5.6
10-06-2012,5.5
11-06-2012,5.6
12-06-2012,5.7
13-06-2012,5.9
14-06-2012,5.9
15-06-2012,6.5
16-06-2012,6.4
17-06-2012,6.2
18-06-2012,6.3
19-06-2012,6.5
20-06-2012,6.7
21-06-2012,6.7
22-06-2012,6.6
23-06-2012,6.4
24-06-2012,6.3
25-06-2012,6.3
26-06-2012,6.4
27-06-2012,6.7
28-06-2012,6.6
29-06-2012,6.7
30-06-2012,6.7
01-07-2012,6.6
02-07-2012,6.8
03-07-2012,6.4
04-07-2012,6.5
05-07-2012,6.7
06-07-2012,6.7
07-07-2012,6.8
08-07-2012,6.8
09-07-2012,7.0
10-07-2012,7.2
11-07-2012,7.2
12-07-2012,7.8
13-07-2012,7.7
14-07-2012,7.5
15-07-2012,7.6
16-07-2012,8.5
17-07-2012,8.8
18-07-2012,9.1
19-07-2012,8.9
20-07-2012,8.5
21-07-2012,8.9
22-07-2012,8.4
23-07-2012,8.4
24-07-2012,8.6
25-07-2012,8.8
26-07-2012,8.9
27-07-2012,8.9
28-07-2012,8.9
29-07-2012,8.7
30-07-2012,9.1
31-07-2012,9.4
01-08-2012,9.6
02-08-2012,10.5
03-08-2012,11.0
04-08-2012,11.0
05-08-2012,10.9
06-08-2012,10.9
07-08-2012,11.1
08-08-2012,11.1
09-08-2012,11.1
10-08-2012,11.4
11-08-2012,11.5
12-08-2012,11.6
13-08-2012,12.0
14-08-2012,12.2
15-08-2012,13.3
16-08-2012,13.5
17-08-2012,11.6
18-08-2012,11.6
19-08-2012,8.0
20-08-2012,10.1
21-08-2012,9.9
22-08-2012,9.8
23-08-2012,10.1
24-08-2012,10.6
25-08-2012,10.5
26-08-2012,10.6
27-08-2012,10.9
28-08-2012,10.9
29-08-2012,10.9
30-08-2012,10.8
31-08-2012,10.2
01-09-2012,10.0
02-09-2012,10.2
03-09-2012,10.5
04-09-2012,10.4
05-09-2012,11.0
06-09-2012,11.2
07-09-2012,11.0
08-09-2012,11.0
09-09-2012,11.0
10-09-2012,11.2
11-09-2012,11.3
12-09-2012,11.4
13-09-2012,11.4
14-09-2012,11.7
15-09-2012,11.8
16-09-2012,11.9
17-09-2012,11.9
18-09-2012,12.3
19-09-2012,12.6
20-09-2012,12.3
21-09-2012,12.4
22-09-2012,12.2
23-09-2012,12.2
24-09-2012,12.1
25-09-2012,12.2
26-09-2012,12.3
27-09-2012,12.3
28-09-2012,12.4
29-09-2012,12.4
30-09-2012,12.4
01-10-2012,12.4
02-10-2012,12.8
03-10-2012,12.9
04-10-2012,12.9
05-10-2012,12.7
06-10-2012,12.5
07-10-2012,11.8
08-10-2012,11.8
09-10-2012,11.9
10-10-2012,12.1
11-10-2012,12.0
12-10-2012,12.0
13-10-2012,11.9
14-10-2012,11.7
15-10-2012,11.8
16-10-2012,11.9
17-10-2012,11.8
18-10-2012,11.9
19-10-2012,11.7
20-10-2012,11.7
21-10-2012,11.6
22-10-2012,11.7
23-10-2012,11.6
24-10-2012,11.6
25-10-2012,10.9
26-10-2012,10.2
27-10-2012,10.3
28-10-2012,10.7
29-10-2012,10.6
30-10-2012,10.9
31-10-2012,11.2
01-11-2012,10.6
02-11-2012,10.5
03-11-2012,10.6
04-11-2012,10.8
05-11-2012,10.8
06-11-2012,10.9
07-11-2012,10.9
08-11-2012,10.9
09-11-2012,10.8
10-11-2012,10.9
11-11-2012,10.9
12-11-2012,11.0
13-11-2012,10.9
14-11-2012,10.9
15-11-2012,11.2
16-11-2012,11.8
17-11-2012,11.8
18-11-2012,11.6
19-11-2012,11.8
20-11-2012,11.7
21-11-2012,11.8
22-11-2012,12.4
23-11-2012,12.4
24-11-2012,12.4
25-11-2012,12.5
26-11-2012,12.3
27-11-2012,12.2
28-11-2012,12.4
29-11-2012,12.4
30-11-2012,12.6
01-12-2012,12.6
02-12-2012,12.5
03-12-2012,12.7
04-12-2012,13.4
05-12-2012,13.4
06-12-2012,13.3
07-12-2012,13.5
08-12-2012,13.4
09-12-2012,13.4
10-12-2012,13.4
11-12-2012,13.6
12-12-2012,13.7
13-12-2012,13.7
14-12-2012,13.6
15-12-2012,13.5
16-12-2012,13.3
17-12-2012,13.3
18-12-2012,13.3
19-12-2012,13.6
20-12-2012,13.5
21-12-2012,13.5
22-12-2012,13.4
23-12-2012,13.3
24-12-2012,13.4
25-12-2012,13.4
26-12-2012,13.5
27-12-2012,13.4
28-12-2012,13.4
29-12-2012,13.4
30-12-2012,13.4
31-12-2012,13.5
01-01-2013,13.3
02-01-2013,13.3
03-01-2013,13.4
04-01-2013,13.5
05-01-2013,13.4
06-01-2013,13.4
07-01-2013,13.6
08-01-2013,13.7
09-01-2013,13.8
10-01-2013,14.1
11-01-2013,14.1
12-01-2013,14.2
13-01-2013,14.1
14-01-2013,14.3
15-01-2013,14.3
16-01-2013,14.7
17-01-2013,15.5
18-01-2013,15.7
19-01-2013,15.6
20-01-2013,15.7
21-01-2013,16.8
22-01-2013,17.3
23-01-2013,17.5
24-01-2013,16.9
25-01-2013,17.4
26-01-2013,17.9
27-01-2013,17.8
28-01-2013,18.7
29-01-2013,19.5
30-01-2013,19.7
31-01-2013,20.4
01-02-2013,20.5
02-02-2013,19.6
03-02-2013,20.6
04-02-2013,20.4
05-02-2013,20.6
06-02-2013,21.2
07-02-2013,22.1
08-02-2013,22.7
09-02-2013,23.6
10-02-2013,24.0
11-02-2013,24.6
12-02-2013,25.2
13-02-2013,24.2
14-02-2013,27.2
15-02-2013,27.1
16-02-2013,27.2
17-02-2013,26.8
18-02-2013,27.0
19-02-2013,29.4
20-02-2013,29.6
21-02-2013,29.8
22-02-2013,30.3
23-02-2013,29.8
24-02-2013,29.9
25-02-2013,30.4
26-02-2013,31.1
27-02-2013,30.9
28-02-2013,33.4
01-03-2013,34.5
02-03-2013,34.3
03-03-2013,34.5
04-03-2013,36.2
05-03-2013,40.3
06-03-2013,41.0
07-03-2013,42.0
08-03-2013,44.2
09-03-2013,46.8
10-03-2013,46.0
11-03-2013,48.4
12-03-2013,44.3
13-03-2013,46.9
14-03-2013,47.2
15-03-2013,47.0
16-03-2013,47.0
17-03-2013,47.4
18-03-2013,51.6
19-03-2013,59.1
20-03-2013,64.5
21-03-2013,70.8
22-03-2013,69.9
23-03-2013,64.3
24-03-2013,71.5
25-03-2013,73.6
26-03-2013,78.5
27-03-2013,88.9
28-03-2013,86.2
29-03-2013,90.5
30-03-2013,92.2
31-03-2013,93.0
01-04-2013,104.0
02-04-2013,118.0
03-04-2013,135.0
04-04-2013,132.1
05-04-2013,142.3
06-04-2013,142.6
07-04-2013,162.3
08-04-2013,187.5
09-04-2013,230.0
10-04-2013,165.0
11-04-2013,124.9
12-04-2013,117.0
13-04-2013,93.0
14-04-2013,90.0
15-04-2013,82.4
16-04-2013,68.4
17-04-2013,93.1
18-04-2013,109.0
19-04-2013,118.5
20-04-2013,126.6
21-04-2013,119.2
22-04-2013,127.4
23-04-2013,143.5
24-04-2013,154.2
25-04-2013,141.7
26-04-2013,136.9
27-04-2013,128.0
28-04-2013,134.4
29-04-2013,144.0
30-04-2013,139.2
01-05-2013,116.4
02-05-2013,106.3
03-05-2013,98.1
04-05-2013,112.9
05-05-2013,116.0
06-05-2013,112.3
07-05-2013,109.6
08-05-2013,113.2
09-05-2013,112.8
10-05-2013,117.7
11-05-2013,115.6
12-05-2013,114.8
13-05-2013,118.0
14-05-2013,111.4
15-05-2013,114.2
16-05-2013,118.2
17-05-2013,123.5
18-05-2013,123.2
19-05-2013,122.5
20-05-2013,122.0
21-05-2013,122.9
22-05-2013,123.8
23-05-2013,126.3
24-05-2013,133.1
25-05-2013,132.0
26-05-2013,133.5
27-05-2013,129.8
28-05-2013,129.0
29-05-2013,132.3
30-05-2013,128.8
31-05-2013,128.8
01-06-2013,129.3
02-06-2013,122.5
03-06-2013,120.7
04-06-2013,121.4
05-06-2013,121.9
06-06-2013,119.0
07-06-2013,111.0
08-06-2013,107.9
09-06-2013,100.4
10-06-2013,106.3
11-06-2013,109.0
12-06-2013,108.8
13-06-2013,103.9
14-06-2013,100.0
15-06-2013,99.8
16-06-2013,99.9
17-06-2013,101.9
18-06-2013,107.3
19-06-2013,108.3
20-06-2013,111.3
21-06-2013,109.5
22-06-2013,108.2
23-06-2013,107.9
24-06-2013,102.1
25-06-2013,103.3
26-06-2013,104.0
27-06-2013,101.7
28-06-2013,94.7
29-06-2013,95.0
30-06-2013,97.5
01-07-2013,88.1
02-07-2013,90.4
03-07-2013,78.9
04-07-2013,80.0
05-07-2013,68.5
06-07-2013,69.7
07-07-2013,76.5
08-07-2013,76.0
09-07-2013,76.7
10-07-2013,88.0
11-07-2013,89.0
12-07-2013,94.0
13-07-2013,98.3
14-07-2013,94.4
15-07-2013,98.9
16-07-2013,97.1
17-07-2013,98.5
18-07-2013,90.1
19-07-2013,92.0
20-07-2013,89.8
21-07-2013,92.0
22-07-2013,91.6
23-07-2013,95.6
24-07-2013,95.1
25-07-2013,96.9
26-07-2013,96.0
27-07-2013,94.4
28-07-2013,98.8
29-07-2013,101.5
30-07-2013,108.0
31-07-2013,106.2
01-08-2013,104.0
02-08-2013,104.5
03-08-2013,104.9
04-08-2013,105.1
05-08-2013,106.7
06-08-2013,106.6
07-08-2013,106.0
08-08-2013,103.1
09-08-2013,102.8
10-08-2013,103.0
11-08-2013,105.0
12-08-2013,106.8
13-08-2013,109.6
14-08-2013,112.6
15-08-2013,110.0
16-08-2013,109.0
17-08-2013,112.8
18-08-2013,113.4
19-08-2013,118.5
20-08-2013,121.2
21-08-2013,123.3
22-08-2013,122.0
23-08-2013,118.5
24-08-2013,119.6
25-08-2013,122.1
26-08-2013,120.1
27-08-2013,131.3
28-08-2013,128.8
29-08-2013,129.3
30-08-2013,138.0
31-08-2013,141.0
01-09-2013,146.0
02-09-2013,144.0
03-09-2013,144.0
04-09-2013,132.5
05-09-2013,130.2
06-09-2013,121.9
07-09-2013,129.0
08-09-2013,126.3
09-09-2013,133.1
10-09-2013,132.6
11-09-2013,142.1
12-09-2013,139.4
13-09-2013,140.7
14-09-2013,136.7
15-09-2013,138.3
16-09-2013,139.4
17-09-2013,139.1
18-09-2013,140.4
19-09-2013,135.1
20-09-2013,133.8
21-09-2013,134.4
22-09-2013,134.0
23-09-2013,133.4
24-09-2013,134.8
25-09-2013,135.0
26-09-2013,137.1
27-09-2013,138.9
28-09-2013,142.5
29-09-2013,143.9
30-09-2013,141.9
01-10-2013,140.3
02-10-2013,123.0
03-10-2013,131.0
04-10-2013,136.8
05-10-2013,136.7
06-10-2013,137.8
07-10-2013,135.8
08-10-2013,136.5
09-10-2013,139.5
10-10-2013,140.4
11-10-2013,140.1
12-10-2013,142.9
13-10-2013,147.5
14-10-2013,151.4
15-10-2013,158.1
16-10-2013,152.8
17-10-2013,157.6
18-10-2013,168.3
19-10-2013,183.1
20-10-2013,186.1
21-10-2013,192.8
22-10-2013,203.0
23-10-2013,228.0
24-10-2013,207.0
25-10-2013,197.9
26-10-2013,188.6
27-10-2013,206.9
28-10-2013,206.9
29-10-2013,216.0
30-10-2013,208.0
31-10-2013,211.2
01-11-2013,213.4
02-11-2013,211.7
03-11-2013,224.0
04-11-2013,238.2
05-11-2013,251.3
06-11-2013,264.1
07-11-2013,309.6
08-11-2013,355.0
09-11-2013,367.8
10-11-2013,336.3
11-11-2013,363.0
12-11-2013,380.0
13-11-2013,434.9
14-11-2013,433.4
15-11-2013,433.9
16-11-2013,462.0
17-11-2013,528.3
18-11-2013,785.4
19-11-2013,645.7
20-11-2013,638.0
21-11-2013,764.9
22-11-2013,802.0
23-11-2013,832.5
24-11-2013,795.0
25-11-2013,830.0
26-11-2013,970.0
27-11-2013,"1,079.9"
28-11-2013,"1,101.4"
29-11-2013,"1,206.9"
30-11-2013,"1,205.7"
01-12-2013,"1,004.4"
02-12-2013,"1,096.6"
03-12-2013,"1,154.9"
04-12-2013,"1,237.6"
05-12-2013,"1,106.3"
06-12-2013,845.0
07-12-2013,697.0
08-12-2013,804.0
09-12-2013,919.0
10-12-2013,"1,033.7"
11-12-2013,919.9
12-12-2013,900.0
13-12-2013,936.8
14-12-2013,908.9
15-12-2013,919.9
16-12-2013,759.9
17-12-2013,715.0
18-12-2013,541.0
19-12-2013,732.0
20-12-2013,650.0
21-12-2013,640.5
22-12-2013,639.5
23-12-2013,713.2
24-12-2013,702.8
25-12-2013,707.3
26-12-2013,802.0
27-12-2013,803.0
28-12-2013,762.0
29-12-2013,785.0
30-12-2013,804.8
31-12-2013,805.9
01-01-2014,815.9
02-01-2014,856.9
03-01-2014,884.3
04-01-2014,924.7
05-01-2014,"1,014.7"
06-01-2014,"1,012.7"
07-01-2014,879.9
08-01-2014,938.8
09-01-2014,937.0
10-01-2014,957.8
11-01-2014,"1,005.3"
12-01-2014,939.8
13-01-2014,922.9
14-01-2014,919.3
15-01-2014,941.2
16-01-2014,913.5
17-01-2014,894.2
18-01-2014,905.7
19-01-2014,954.8
20-01-2014,956.0
21-01-2014,962.2
22-01-2014,951.0
23-01-2014,944.2
24-01-2014,916.5
25-01-2014,961.0
26-01-2014,"1,007.0"
27-01-2014,943.5
28-01-2014,932.7
29-01-2014,925.7
30-01-2014,941.4
31-01-2014,938.8
01-02-2014,940.4
02-02-2014,953.3
03-02-2014,931.7
04-02-2014,926.6
05-02-2014,904.5
06-02-2014,828.9
07-02-2014,695.7
08-02-2014,648.8
09-02-2014,659.6
10-02-2014,582.6
11-02-2014,579.0
12-02-2014,531.1
13-02-2014,451.4
14-02-2014,427.7
15-02-2014,371.1
16-02-2014,299.8
17-02-2014,272.3
18-02-2014,294.0
19-02-2014,261.5
20-02-2014,111.9
21-02-2014,111.6
22-02-2014,255.6
23-02-2014,310.2
24-02-2014,174.0
25-02-2014,135.8
26-02-2014,593.1
27-02-2014,596.5
28-02-2014,573.9
01-03-2014,557.4
02-03-2014,544.6
03-03-2014,662.2
04-03-2014,661.8
05-03-2014,658.3
06-03-2014,648.3
07-03-2014,616.7
08-03-2014,609.2
09-03-2014,627.0
10-03-2014,613.0
11-03-2014,608.7
12-03-2014,619.4
13-03-2014,625.0
14-03-2014,614.0
15-03-2014,624.0
16-03-2014,619.1
17-03-2014,606.4
18-03-2014,598.9
19-03-2014,595.0
20-03-2014,566.0
21-03-2014,549.6
22-03-2014,564.3
23-03-2014,551.2
24-03-2014,567.6
25-03-2014,562.9
26-03-2014,562.5
27-03-2014,460.5
28-03-2014,482.6
29-03-2014,477.1
30-03-2014,446.9
31-03-2014,444.7
01-04-2014,463.5
02-04-2014,424.4
03-04-2014,436.3
04-04-2014,444.4
05-04-2014,456.6
06-04-2014,455.7
07-04-2014,462.4
08-04-2014,466.6
09-04-2014,457.3
10-04-2014,384.6
11-04-2014,435.1
12-04-2014,437.6
13-04-2014,427.6
14-04-2014,478.4
15-04-2014,526.4
16-04-2014,537.0
17-04-2014,502.0
18-04-2014,485.5
19-04-2014,506.0
20-04-2014,498.5
21-04-2014,495.2
22-04-2014,487.9
23-04-2014,487.3
24-04-2014,500.3
25-04-2014,464.5
26-04-2014,457.9
27-04-2014,443.2
28-04-2014,441.9
29-04-2014,446.1
30-04-2014,445.6
01-05-2014,460.1
02-05-2014,453.7
03-05-2014,438.6
04-05-2014,436.0
05-05-2014,430.9
06-05-2014,432.2
07-05-2014,446.5
08-05-2014,441.1
09-05-2014,445.5
10-05-2014,451.9
11-05-2014,433.2
12-05-2014,438.2
13-05-2014,433.9
14-05-2014,442.6
15-05-2014,448.1
16-05-2014,453.6
17-05-2014,452.8
18-05-2014,450.1
19-05-2014,443.9
20-05-2014,484.6
21-05-2014,488.8
22-05-2014,515.4
23-05-2014,518.1
24-05-2014,520.5
25-05-2014,570.4
26-05-2014,582.0
27-05-2014,570.1
28-05-2014,570.8
29-05-2014,564.4
30-05-2014,612.3
31-05-2014,627.9
01-06-2014,649.8
02-06-2014,655.5
03-06-2014,669.4
04-06-2014,638.9
05-06-2014,660.2
06-06-2014,650.4
07-06-2014,651.7
08-06-2014,651.0
09-06-2014,644.3
10-06-2014,655.6
11-06-2014,643.0
12-06-2014,597.1
13-06-2014,610.3
14-06-2014,583.4
15-06-2014,582.3
16-06-2014,599.1
17-06-2014,605.1
18-06-2014,606.2
19-06-2014,600.2
20-06-2014,590.8
21-06-2014,597.0
22-06-2014,603.6
23-06-2014,591.2
24-06-2014,588.8
25-06-2014,568.5
26-06-2014,582.7
27-06-2014,602.2
28-06-2014,597.6
29-06-2014,601.1
30-06-2014,635.1
01-07-2014,643.2
02-07-2014,645.7
03-07-2014,638.0
04-07-2014,624.0
05-07-2014,623.0
06-07-2014,626.7
07-07-2014,613.6
08-07-2014,615.3
09-07-2014,623.0
10-07-2014,618.4
11-07-2014,632.9
12-07-2014,635.9
13-07-2014,628.0
14-07-2014,618.3
15-07-2014,619.6
16-07-2014,614.8
17-07-2014,626.6
18-07-2014,627.5
19-07-2014,627.0
20-07-2014,621.0
21-07-2014,625.1
22-07-2014,622.5
23-07-2014,621.7
24-07-2014,601.9
25-07-2014,600.5
26-07-2014,596.0
27-07-2014,595.0
28-07-2014,587.9
29-07-2014,585.8
30-07-2014,564.6
31-07-2014,589.5
01-08-2014,598.8
02-08-2014,591.7
03-08-2014,588.9
04-08-2014,592.8
05-08-2014,588.8
06-08-2014,589.8
07-08-2014,592.8
08-08-2014,595.8
09-08-2014,589.5
10-08-2014,592.1
11-08-2014,575.9
12-08-2014,567.7
13-08-2014,542.1
14-08-2014,504.8
15-08-2014,496.5
16-08-2014,522.0
17-08-2014,485.5
18-08-2014,462.2
19-08-2014,485.1
20-08-2014,516.8
21-08-2014,517.9
22-08-2014,516.1
23-08-2014,497.7
24-08-2014,509.7
25-08-2014,502.9
26-08-2014,512.6
27-08-2014,515.2
28-08-2014,510.8
29-08-2014,512.6
30-08-2014,506.0
31-08-2014,481.8
01-09-2014,477.2
02-09-2014,478.9
03-09-2014,480.0
04-09-2014,491.0
05-09-2014,483.6
06-09-2014,484.5
07-09-2014,485.8
08-09-2014,475.7
09-09-2014,474.9
10-09-2014,479.7
11-09-2014,478.5
12-09-2014,477.7
13-09-2014,478.2
14-09-2014,477.7
15-09-2014,477.7
16-09-2014,466.8
17-09-2014,461.1
18-09-2014,424.3
19-09-2014,397.7
20-09-2014,411.5
21-09-2014,401.6
22-09-2014,404.1
23-09-2014,436.9
24-09-2014,423.8
25-09-2014,412.3
26-09-2014,404.5
27-09-2014,399.0
28-09-2014,379.1
29-09-2014,376.8
30-09-2014,388.2
01-10-2014,382.8
02-10-2014,375.1
03-10-2014,363.5
04-10-2014,335.3
05-10-2014,322.9
06-10-2014,331.5
07-10-2014,331.6
08-10-2014,350.9
09-10-2014,360.9
10-10-2014,361.7
11-10-2014,361.2
12-10-2014,373.2
13-10-2014,387.3
14-10-2014,397.1
15-10-2014,393.2
16-10-2014,379.8
17-10-2014,380.5
18-10-2014,390.9
19-10-2014,387.3
20-10-2014,380.4
21-10-2014,382.4
22-10-2014,378.9
23-10-2014,355.8
24-10-2014,355.1
25-10-2014,346.7
26-10-2014,348.7
27-10-2014,350.1
28-10-2014,351.1
29-10-2014,335.1
30-10-2014,344.9
31-10-2014,337.9
01-11-2014,325.4
02-11-2014,322.5
03-11-2014,324.2
04-11-2014,328.0
05-11-2014,338.0
06-11-2014,347.7
07-11-2014,341.9
08-11-2014,343.5
09-11-2014,362.0
10-11-2014,367.1
11-11-2014,365.4
12-11-2014,432.0
13-11-2014,428.7
14-11-2014,396.5
15-11-2014,374.9
16-11-2014,385.6
17-11-2014,384.7
18-11-2014,379.2
19-11-2014,381.4
20-11-2014,357.3
21-11-2014,351.8
22-11-2014,352.0
23-11-2014,365.9
24-11-2014,378.9
25-11-2014,376.4
26-11-2014,365.4
27-11-2014,368.8
28-11-2014,377.6
29-11-2014,376.3
30-11-2014,374.9
01-12-2014,378.6
02-12-2014,380.6
03-12-2014,377.0
04-12-2014,369.8
05-12-2014,377.6
06-12-2014,376.3
07-12-2014,376.5
08-12-2014,365.0
09-12-2014,352.2
10-12-2014,347.9
11-12-2014,347.7
12-12-2014,353.4
13-12-2014,348.2
14-12-2014,349.4
15-12-2014,345.4
16-12-2014,330.2
17-12-2014,320.0
18-12-2014,310.3
19-12-2014,317.8
20-12-2014,330.4
21-12-2014,322.6
22-12-2014,330.8
23-12-2014,335.3
24-12-2014,322.4
25-12-2014,319.0
26-12-2014,330.0
27-12-2014,315.3
28-12-2014,316.5
29-12-2014,314.1
30-12-2014,311.3
31-12-2014,318.2
01-01-2015,314.9
02-01-2015,315.2
03-01-2015,287.1
04-01-2015,264.7
05-01-2015,274.8
06-01-2015,282.3
07-01-2015,291.3
08-01-2015,282.7
09-01-2015,288.0
10-01-2015,273.4
11-01-2015,264.8
12-01-2015,269.3
13-01-2015,221.3
14-01-2015,164.9
15-01-2015,209.8
16-01-2015,206.9
17-01-2015,199.6
18-01-2015,210.6
19-01-2015,215.9
20-01-2015,210.6
21-01-2015,228.2
22-01-2015,232.7
23-01-2015,232.2
24-01-2015,248.2
25-01-2015,252.1
26-01-2015,269.2
27-01-2015,263.3
28-01-2015,236.2
29-01-2015,234.0
30-01-2015,231.8
31-01-2015,218.5
01-02-2015,225.3
02-02-2015,238.9
03-02-2015,227.4
04-02-2015,226.6
05-02-2015,216.5
06-02-2015,223.0
07-02-2015,227.7
08-02-2015,223.7
09-02-2015,220.3
10-02-2015,219.7
11-02-2015,218.8
12-02-2015,221.8
13-02-2015,236.2
14-02-2015,258.6
15-02-2015,233.3
16-02-2015,235.8
17-02-2015,243.2
18-02-2015,235.2
19-02-2015,241.9
20-02-2015,244.5
21-02-2015,244.4
22-02-2015,235.7
23-02-2015,238.8
24-02-2015,238.9
25-02-2015,237.3
26-02-2015,236.5
27-02-2015,253.5
28-02-2015,254.1
01-03-2015,257.9
02-03-2015,273.8
03-03-2015,280.6
04-03-2015,271.9
05-03-2015,275.2
06-03-2015,272.6
07-03-2015,274.9
08-03-2015,274.5
09-03-2015,290.0
10-03-2015,291.4
11-03-2015,295.6
12-03-2015,293.9
13-03-2015,287.2
14-03-2015,281.6
15-03-2015,284.9
16-03-2015,290.4
17-03-2015,285.4
18-03-2015,255.9
19-03-2015,260.9
20-03-2015,261.8
21-03-2015,259.7
22-03-2015,268.6
23-03-2015,265.5
24-03-2015,246.7
25-03-2015,246.4
26-03-2015,248.0
27-03-2015,247.2
28-03-2015,252.0
29-03-2015,242.1
30-03-2015,246.8
31-03-2015,244.1
01-04-2015,246.2
02-04-2015,252.6
03-04-2015,254.5
04-04-2015,252.9
05-04-2015,259.6
06-04-2015,255.0
07-04-2015,253.0
08-04-2015,244.6
09-04-2015,243.3
10-04-2015,234.7
11-04-2015,236.5
12-04-2015,235.9
13-04-2015,223.6
14-04-2015,218.0
15-04-2015,223.0
16-04-2015,228.0
17-04-2015,222.6
18-04-2015,223.4
19-04-2015,223.0
20-04-2015,224.2
21-04-2015,233.7
22-04-2015,233.8
23-04-2015,235.4
24-04-2015,231.1
25-04-2015,226.1
26-04-2015,218.7
27-04-2015,229.0
28-04-2015,225.8
29-04-2015,225.4
30-04-2015,235.8
01-05-2015,233.2
02-05-2015,235.3
03-05-2015,240.0
04-05-2015,239.0
05-05-2015,235.8
06-05-2015,230.0
07-05-2015,237.7
08-05-2015,243.7
09-05-2015,241.4
10-05-2015,240.0
11-05-2015,241.8
12-05-2015,241.6
13-05-2015,236.4
14-05-2015,236.9
15-05-2015,237.2
16-05-2015,236.2
17-05-2015,236.3
18-05-2015,232.6
19-05-2015,232.0
20-05-2015,234.0
21-05-2015,235.4
22-05-2015,240.4
23-05-2015,238.9
24-05-2015,241.0
25-05-2015,237.4
26-05-2015,237.8
27-05-2015,237.3
28-05-2015,237.3
29-05-2015,237.0
30-05-2015,233.2
31-05-2015,229.8
01-06-2015,223.1
02-06-2015,225.7
03-06-2015,225.6
04-06-2015,224.2
05-06-2015,225.3
06-06-2015,224.7
07-06-2015,223.5
08-06-2015,228.6
09-06-2015,229.6
10-06-2015,228.8
11-06-2015,229.9
12-06-2015,230.5
13-06-2015,232.5
14-06-2015,233.8
15-06-2015,237.0
16-06-2015,249.8
17-06-2015,247.4
18-06-2015,248.4
19-06-2015,244.1
20-06-2015,245.0
21-06-2015,244.1
22-06-2015,247.5
23-06-2015,243.8
24-06-2015,240.6
25-06-2015,242.6
26-06-2015,242.9
27-06-2015,250.7
28-06-2015,248.9
29-06-2015,257.0
30-06-2015,264.1
01-07-2015,257.6
02-07-2015,254.9
03-07-2015,255.4
04-07-2015,260.5
05-07-2015,270.1
06-07-2015,269.1
07-07-2015,266.2
08-07-2015,268.6
09-07-2015,269.1
10-07-2015,283.6
11-07-2015,292.0
12-07-2015,310.4
13-07-2015,290.4
14-07-2015,287.0
15-07-2015,283.4
16-07-2015,276.6
17-07-2015,279.6
18-07-2015,274.0
19-07-2015,273.2
20-07-2015,277.7
21-07-2015,275.1
22-07-2015,276.5
23-07-2015,275.5
24-07-2015,288.4
25-07-2015,288.7
26-07-2015,291.8
27-07-2015,293.0
28-07-2015,293.7
29-07-2015,288.4
30-07-2015,287.0
31-07-2015,283.7
01-08-2015,280.5
02-08-2015,281.4
03-08-2015,281.6
04-08-2015,284.3
05-08-2015,281.7
06-08-2015,278.0
07-08-2015,277.9
08-08-2015,258.6
09-08-2015,263.9
10-08-2015,263.3
11-08-2015,269.0
12-08-2015,267.7
13-08-2015,263.4
14-08-2015,265.0
15-08-2015,260.5
16-08-2015,257.1
17-08-2015,257.1
18-08-2015,246.7
19-08-2015,226.0
20-08-2015,234.7
21-08-2015,232.4
22-08-2015,229.5
23-08-2015,226.8
24-08-2015,211.4
25-08-2015,220.5
26-08-2015,225.0
27-08-2015,222.7
28-08-2015,231.6
29-08-2015,228.5
30-08-2015,228.4
31-08-2015,229.5
01-09-2015,227.2
02-09-2015,228.6
03-09-2015,226.2
04-09-2015,230.3
05-09-2015,233.7
06-09-2015,239.9
07-09-2015,239.6
08-09-2015,243.2
09-09-2015,237.4
10-09-2015,238.1
11-09-2015,239.9
12-09-2015,235.6
13-09-2015,230.2
14-09-2015,229.9
15-09-2015,229.5
16-09-2015,228.6
17-09-2015,232.7
18-09-2015,232.2
19-09-2015,231.1
20-09-2015,231.1
21-09-2015,226.3
22-09-2015,230.0
23-09-2015,229.9
24-09-2015,233.8
25-09-2015,235.0
26-09-2015,234.3
27-09-2015,232.5
28-09-2015,238.9
29-09-2015,236.7
30-09-2015,235.9
01-10-2015,237.1
02-10-2015,236.7
03-10-2015,238.6
04-10-2015,238.3
05-10-2015,240.1
06-10-2015,246.1
07-10-2015,243.0
08-10-2015,242.6
09-10-2015,244.0
10-10-2015,245.4
11-10-2015,247.6
12-10-2015,245.4
13-10-2015,248.8
14-10-2015,252.3
15-10-2015,254.4
16-10-2015,262.9
17-10-2015,269.6
18-10-2015,261.7
19-10-2015,263.8
20-10-2015,269.8
21-10-2015,267.1
22-10-2015,274.4
23-10-2015,276.9
24-10-2015,282.6
25-10-2015,287.9
26-10-2015,285.1
27-10-2015,294.7
28-10-2015,303.5
29-10-2015,313.6
30-10-2015,327.1
31-10-2015,311.2
01-11-2015,323.0
02-11-2015,359.3
03-11-2015,396.5
04-11-2015,400.9
05-11-2015,382.7
06-11-2015,369.8
07-11-2015,385.1
08-11-2015,371.6
09-11-2015,380.2
10-11-2015,336.7
11-11-2015,304.7
12-11-2015,333.9
13-11-2015,333.8
14-11-2015,331.8
15-11-2015,317.5
16-11-2015,330.2
17-11-2015,333.9
18-11-2015,335.9
19-11-2015,325.0
20-11-2015,321.1
21-11-2015,324.7
22-11-2015,322.8
23-11-2015,322.1
24-11-2015,318.4
25-11-2015,327.5
26-11-2015,353.7
27-11-2015,359.5
28-11-2015,355.8
29-11-2015,370.8
30-11-2015,378.0
01-12-2015,361.8
02-12-2015,360.0
03-12-2015,360.3
04-12-2015,361.7
05-12-2015,386.7
06-12-2015,393.4
07-12-2015,394.3
08-12-2015,410.7
09-12-2015,416.0
10-12-2015,415.5
11-12-2015,449.8
12-12-2015,432.3
13-12-2015,434.7
14-12-2015,442.0
15-12-2015,462.6
16-12-2015,454.0
17-12-2015,455.5
18-12-2015,463.2
19-12-2015,461.2
20-12-2015,441.8
21-12-2015,437.6
22-12-2015,437.0
23-12-2015,442.4
24-12-2015,453.0
25-12-2015,454.0
26-12-2015,415.4
27-12-2015,422.4
28-12-2015,421.8
29-12-2015,431.9
30-12-2015,427.1
31-12-2015,430.0
01-01-2016,434.0
02-01-2016,433.7
03-01-2016,430.7
04-01-2016,433.3
05-01-2016,431.2
06-01-2016,430.8
07-01-2016,457.0
08-01-2016,452.9
09-01-2016,448.3
10-01-2016,446.2
11-01-2016,447.7
12-01-2016,445.0
13-01-2016,432.2
14-01-2016,429.1
15-01-2016,372.3
16-01-2016,385.0
17-01-2016,382.5
18-01-2016,384.4
19-01-2016,379.5
20-01-2016,414.6
21-01-2016,410.2
22-01-2016,382.6
23-01-2016,388.6
24-01-2016,402.1
25-01-2016,392.8
26-01-2016,389.8
27-01-2016,395.0
28-01-2016,379.7
29-01-2016,380.3
30-01-2016,377.8
31-01-2016,369.8
01-02-2016,372.2
02-02-2016,373.9
03-02-2016,368.0
04-02-2016,390.6
05-02-2016,386.5
06-02-2016,376.7
07-02-2016,377.9
08-02-2016,372.6
09-02-2016,375.3
10-02-2016,381.9
11-02-2016,379.5
12-02-2016,384.0
13-02-2016,390.1
14-02-2016,405.5
15-02-2016,401.1
16-02-2016,406.4
17-02-2016,417.1
18-02-2016,421.4
19-02-2016,420.0
20-02-2016,440.1
21-02-2016,437.9
22-02-2016,437.8
23-02-2016,419.9
24-02-2016,422.7
25-02-2016,423.5
26-02-2016,427.3
27-02-2016,431.3
28-02-2016,432.5
29-02-2016,436.2
01-03-2016,434.0
02-03-2016,425.4
03-03-2016,419.6
04-03-2016,409.5
05-03-2016,399.0
06-03-2016,406.0
07-03-2016,414.9
08-03-2016,411.9
09-03-2016,412.8
10-03-2016,415.8
11-03-2016,419.1
12-03-2016,410.4
13-03-2016,412.4
14-03-2016,414.3
15-03-2016,415.1
16-03-2016,415.9
17-03-2016,418.2
18-03-2016,408.2
19-03-2016,408.7
20-03-2016,411.5
21-03-2016,411.1
22-03-2016,416.2
23-03-2016,417.0
24-03-2016,414.7
25-03-2016,415.7
26-03-2016,416.5
27-03-2016,424.6
28-03-2016,422.2
29-03-2016,415.0
30-03-2016,412.4
31-03-2016,415.7
01-04-2016,415.6
02-04-2016,418.5
03-04-2016,419.1
04-04-2016,419.3
05-04-2016,422.1
06-04-2016,421.3
07-04-2016,420.1
08-04-2016,417.7
09-04-2016,418.0
10-04-2016,420.3
11-04-2016,421.4
12-04-2016,424.7
13-04-2016,423.5
14-04-2016,424.0
15-04-2016,428.7
16-04-2016,430.0
17-04-2016,426.3
18-04-2016,427.7
19-04-2016,434.9
20-04-2016,441.2
21-04-2016,449.3
22-04-2016,445.3
23-04-2016,450.1
24-04-2016,457.6
25-04-2016,461.7
26-04-2016,466.0
27-04-2016,447.0
28-04-2016,448.5
29-04-2016,455.0
30-04-2016,448.5
01-05-2016,452.2
02-05-2016,444.2
03-05-2016,450.3
04-05-2016,445.8
05-05-2016,448.1
06-05-2016,459.6
07-05-2016,458.5
08-05-2016,457.9
09-05-2016,460.4
10-05-2016,449.4
11-05-2016,452.5
12-05-2016,454.4
13-05-2016,455.4
14-05-2016,456.4
15-05-2016,458.1
16-05-2016,454.9
17-05-2016,453.3
18-05-2016,454.2
19-05-2016,442.7
20-05-2016,442.1
21-05-2016,443.6
22-05-2016,439.6
23-05-2016,443.7
24-05-2016,446.1
25-05-2016,449.8
26-05-2016,453.3
27-05-2016,474.0
28-05-2016,524.2
29-05-2016,516.0
30-05-2016,532.3
31-05-2016,528.9
01-06-2016,537.4
02-06-2016,537.1
03-06-2016,567.0
04-06-2016,572.0
05-06-2016,574.9
06-06-2016,583.6
07-06-2016,575.6
08-06-2016,580.5
09-06-2016,574.7
10-06-2016,577.9
11-06-2016,591.6
12-06-2016,666.5
13-06-2016,700.1
14-06-2016,685.1
15-06-2016,690.8
16-06-2016,761.2
17-06-2016,743.9
18-06-2016,753.8
19-06-2016,761.0
20-06-2016,734.0
21-06-2016,667.4
22-06-2016,590.6
23-06-2016,620.8
24-06-2016,656.9
25-06-2016,663.5
26-06-2016,625.4
27-06-2016,644.7
28-06-2016,644.9
29-06-2016,636.5
30-06-2016,670.0
01-07-2016,674.6
02-07-2016,698.1
03-07-2016,661.6
04-07-2016,675.2
05-07-2016,663.7
06-07-2016,672.7
07-07-2016,635.3
08-07-2016,662.8
09-07-2016,651.8
10-07-2016,647.1
11-07-2016,646.7
12-07-2016,670.6
13-07-2016,661.2
14-07-2016,657.3
15-07-2016,664.2
16-07-2016,660.7
17-07-2016,676.3
18-07-2016,670.4
19-07-2016,671.1
20-07-2016,664.4
21-07-2016,664.6
22-07-2016,651.1
23-07-2016,655.2
24-07-2016,659.3
25-07-2016,654.0
26-07-2016,654.4
27-07-2016,654.5
28-07-2016,654.1
29-07-2016,655.4
30-07-2016,654.7
31-07-2016,621.9
01-08-2016,607.0
02-08-2016,513.4
03-08-2016,566.4
04-08-2016,576.2
05-08-2016,574.7
06-08-2016,586.5
07-08-2016,590.8
08-08-2016,589.2
09-08-2016,585.3
10-08-2016,590.9
11-08-2016,587.8
12-08-2016,587.1
13-08-2016,584.6
14-08-2016,569.1
15-08-2016,567.0
16-08-2016,580.2
17-08-2016,572.3
18-08-2016,573.4
19-08-2016,574.6
20-08-2016,582.6
21-08-2016,580.7
22-08-2016,587.5
23-08-2016,583.6
24-08-2016,579.7
25-08-2016,578.0
26-08-2016,579.4
27-08-2016,570.3
28-08-2016,575.0
29-08-2016,574.2
30-08-2016,577.3
31-08-2016,573.9
01-09-2016,572.0
02-09-2016,575.3
03-09-2016,598.8
04-09-2016,609.5
05-09-2016,605.8
06-09-2016,610.4
07-09-2016,613.2
08-09-2016,625.6
09-09-2016,623.2
10-09-2016,624.5
11-09-2016,605.6
12-09-2016,608.0
13-09-2016,608.6
14-09-2016,609.5
15-09-2016,608.1
16-09-2016,607.8
17-09-2016,607.1
18-09-2016,610.7
19-09-2016,609.8
20-09-2016,609.2
21-09-2016,597.2
22-09-2016,595.6
23-09-2016,602.9
24-09-2016,602.6
25-09-2016,601.5
26-09-2016,606.5
27-09-2016,605.5
28-09-2016,604.7
29-09-2016,604.7
30-09-2016,608.1
01-10-2016,613.4
02-10-2016,610.7
03-10-2016,611.6
04-10-2016,609.0
05-10-2016,611.8
06-10-2016,611.0
07-10-2016,616.0
08-10-2016,617.7
09-10-2016,615.8
10-10-2016,617.3
11-10-2016,640.5
12-10-2016,636.0
13-10-2016,635.6
14-10-2016,637.9
15-10-2016,637.0
16-10-2016,640.1
17-10-2016,637.4
18-10-2016,635.3
19-10-2016,629.1
20-10-2016,628.3
21-10-2016,630.5
22-10-2016,655.5
23-10-2016,653.0
24-10-2016,650.5
25-10-2016,651.0
26-10-2016,674.7
27-10-2016,682.3
28-10-2016,686.2
29-10-2016,715.0
30-10-2016,697.3
31-10-2016,698.7
01-11-2016,726.8
02-11-2016,733.5
03-11-2016,684.9
04-11-2016,702.1
05-11-2016,702.1
06-11-2016,709.9
07-11-2016,705.4
08-11-2016,710.9
09-11-2016,721.4
10-11-2016,714.6
11-11-2016,715.0
12-11-2016,704.3
13-11-2016,702.0
14-11-2016,704.6
15-11-2016,711.1
16-11-2016,740.3
17-11-2016,737.5
18-11-2016,747.0
19-11-2016,747.9
20-11-2016,728.5
21-11-2016,736.2
22-11-2016,749.3
23-11-2016,741.1
24-11-2016,735.3
25-11-2016,740.4
26-11-2016,734.1
27-11-2016,729.4
28-11-2016,733.3
29-11-2016,732.6
30-11-2016,742.5
01-12-2016,752.6
02-12-2016,770.9
03-12-2016,764.2
04-12-2016,766.4
05-12-2016,754.3
06-12-2016,758.2
07-12-2016,765.6
08-12-2016,768.5
09-12-2016,770.5
10-12-2016,774.0
11-12-2016,767.9
12-12-2016,778.5
13-12-2016,778.7
14-12-2016,776.5
15-12-2016,775.2
16-12-2016,782.0
17-12-2016,787.2
18-12-2016,789.0
19-12-2016,789.8
20-12-2016,799.1
21-12-2016,829.2
22-12-2016,860.2
23-12-2016,917.2
24-12-2016,891.1
25-12-2016,891.1
26-12-2016,898.4
27-12-2016,925.8
28-12-2016,972.2
29-12-2016,971.1
30-12-2016,959.0
31-12-2016,963.4
01-01-2017,995.4
02-01-2017,"1,017.0"
03-01-2017,"1,033.3"
04-01-2017,"1,135.4"
05-01-2017,989.3
06-01-2017,886.2
07-01-2017,888.9
08-01-2017,900.9
09-01-2017,899.8
10-01-2017,904.4
11-01-2017,785.4
12-01-2017,810.1
13-01-2017,824.8
14-01-2017,819.6
15-01-2017,821.2
16-01-2017,827.3
17-01-2017,899.7
18-01-2017,872.0
19-01-2017,895.2
20-01-2017,892.9
21-01-2017,919.8
22-01-2017,918.8
23-01-2017,921.5
24-01-2017,893.8
25-01-2017,894.4
26-01-2017,915.6
27-01-2017,918.0
28-01-2017,918.5
29-01-2017,914.5
30-01-2017,920.7
31-01-2017,965.5
01-02-2017,982.4
02-02-2017,"1,004.0"
03-02-2017,"1,013.0"
04-02-2017,"1,031.8"
05-02-2017,"1,016.1"
06-02-2017,"1,024.7"
07-02-2017,"1,049.6"
08-02-2017,"1,055.5"
09-02-2017,979.0
10-02-2017,997.6
11-02-2017,"1,008.3"
12-02-2017,996.5
13-02-2017,995.4
14-02-2017,"1,008.3"
15-02-2017,"1,008.2"
16-02-2017,"1,031.9"
17-02-2017,"1,049.4"
18-02-2017,"1,052.3"
19-02-2017,"1,048.9"
20-02-2017,"1,077.6"
21-02-2017,"1,119.0"
22-02-2017,"1,120.5"
23-02-2017,"1,171.9"
24-02-2017,"1,176.5"
25-02-2017,"1,149.1"
26-02-2017,"1,171.6"
27-02-2017,"1,188.8"
28-02-2017,"1,189.3"
01-03-2017,"1,222.7"
02-03-2017,"1,255.5"
03-03-2017,"1,283.3"
04-03-2017,"1,264.3"
05-03-2017,"1,271.2"
06-03-2017,"1,277.0"
07-03-2017,"1,232.7"
08-03-2017,"1,147.0"
09-03-2017,"1,191.3"
10-03-2017,"1,112.4"
11-03-2017,"1,179.2"
12-03-2017,"1,225.1"
13-03-2017,"1,238.2"
14-03-2017,"1,243.1"
15-03-2017,"1,253.4"
16-03-2017,"1,172.9"
17-03-2017,"1,071.7"
18-03-2017,971.4
19-03-2017,"1,022.6"
20-03-2017,"1,047.5"
21-03-2017,"1,121.3"
22-03-2017,"1,044.7"
23-03-2017,"1,035.0"
24-03-2017,939.7
25-03-2017,966.3
26-03-2017,969.4
27-03-2017,"1,045.1"
28-03-2017,"1,044.4"
29-03-2017,"1,041.9"
30-03-2017,"1,037.9"
31-03-2017,"1,079.1"
01-04-2017,"1,086.1"
02-04-2017,"1,097.4"
03-04-2017,"1,147.6"
04-04-2017,"1,141.8"
05-04-2017,"1,129.9"
06-04-2017,"1,188.7"
07-04-2017,"1,190.5"
08-04-2017,"1,180.8"
09-04-2017,"1,204.3"
10-04-2017,"1,206.7"
11-04-2017,"1,220.7"
12-04-2017,"1,212.5"
13-04-2017,"1,176.2"
14-04-2017,"1,177.3"
15-04-2017,"1,177.0"
16-04-2017,"1,176.8"
17-04-2017,"1,194.0"
18-04-2017,"1,206.1"
19-04-2017,"1,215.2"
20-04-2017,"1,238.1"
21-04-2017,"1,249.6"
22-04-2017,"1,240.9"
23-04-2017,"1,249.1"
24-04-2017,"1,248.2"
25-04-2017,"1,264.3"
26-04-2017,"1,286.6"
27-04-2017,"1,332.9"
28-04-2017,"1,329.6"
29-04-2017,"1,336.3"
30-04-2017,"1,351.9"
01-05-2017,"1,415.8"
02-05-2017,"1,445.9"
03-05-2017,"1,485.6"
04-05-2017,"1,516.8"
05-05-2017,"1,507.8"
06-05-2017,"1,545.3"
07-05-2017,"1,554.4"
08-05-2017,"1,664.5"
09-05-2017,"1,697.5"
10-05-2017,"1,752.3"
11-05-2017,"1,819.3"
12-05-2017,"1,686.4"
13-05-2017,"1,763.7"
14-05-2017,"1,772.6"
15-05-2017,"1,708.9"
16-05-2017,"1,729.3"
17-05-2017,"1,801.3"
18-05-2017,"1,881.0"
19-05-2017,"1,962.0"
20-05-2017,"2,040.2"
21-05-2017,"2,044.2"
22-05-2017,"2,124.4"
23-05-2017,"2,272.6"
24-05-2017,"2,445.3"
25-05-2017,"2,307.2"
26-05-2017,"2,244.9"
27-05-2017,"2,052.4"
28-05-2017,"2,189.0"
29-05-2017,"2,278.2"
30-05-2017,"2,192.6"
31-05-2017,"2,303.3"
01-06-2017,"2,412.6"
02-06-2017,"2,492.6"
03-06-2017,"2,545.4"
04-06-2017,"2,524.1"
05-06-2017,"2,705.0"
06-06-2017,"2,870.5"
07-06-2017,"2,691.5"
08-06-2017,"2,798.8"
09-06-2017,"2,811.4"
10-06-2017,"2,900.3"
11-06-2017,"2,973.4"
12-06-2017,"2,656.8"
13-06-2017,"2,713.0"
14-06-2017,"2,467.3"
15-06-2017,"2,442.5"
16-06-2017,"2,508.6"
17-06-2017,"2,655.1"
18-06-2017,"2,539.6"
19-06-2017,"2,616.8"
20-06-2017,"2,754.4"
21-06-2017,"2,677.6"
22-06-2017,"2,722.8"
23-06-2017,"2,710.4"
24-06-2017,"2,590.1"
25-06-2017,"2,541.6"
26-06-2017,"2,446.1"
27-06-2017,"2,583.8"
28-06-2017,"2,577.7"
29-06-2017,"2,558.4"
30-06-2017,"2,480.6"
01-07-2017,"2,424.6"
02-07-2017,"2,536.5"
03-07-2017,"2,572.5"
04-07-2017,"2,617.3"
05-07-2017,"2,627.9"
06-07-2017,"2,614.2"
07-07-2017,"2,513.9"
08-07-2017,"2,564.9"
09-07-2017,"2,511.4"
10-07-2017,"2,344.0"
11-07-2017,"2,324.3"
12-07-2017,"2,403.1"
13-07-2017,"2,362.4"
14-07-2017,"2,234.2"
15-07-2017,"1,975.1"
16-07-2017,"1,914.1"
17-07-2017,"2,233.4"
18-07-2017,"2,320.2"
19-07-2017,"2,282.6"
20-07-2017,"2,866.0"
21-07-2017,"2,675.1"
22-07-2017,"2,836.5"
23-07-2017,"2,756.6"
24-07-2017,"2,763.4"
25-07-2017,"2,582.6"
26-07-2017,"2,559.2"
27-07-2017,"2,691.9"
28-07-2017,"2,806.8"
29-07-2017,"2,733.5"
30-07-2017,"2,766.5"
31-07-2017,"2,883.3"
01-08-2017,"2,747.0"
02-08-2017,"2,720.5"
03-08-2017,"2,810.0"
04-08-2017,"2,878.5"
05-08-2017,"3,262.8"
06-08-2017,"3,232.0"
07-08-2017,"3,401.9"
08-08-2017,"3,429.4"
09-08-2017,"3,348.8"
10-08-2017,"3,425.7"
11-08-2017,"3,654.4"
12-08-2017,"3,871.6"
13-08-2017,"4,062.6"
14-08-2017,"4,327.9"
15-08-2017,"4,161.7"
16-08-2017,"4,387.4"
17-08-2017,"4,278.9"
18-08-2017,"4,105.4"
19-08-2017,"4,150.5"
20-08-2017,"4,066.6"
21-08-2017,"4,005.1"
22-08-2017,"4,089.7"
23-08-2017,"4,141.1"
24-08-2017,"4,318.4"
25-08-2017,"4,364.4"
26-08-2017,"4,352.3"
27-08-2017,"4,345.8"
28-08-2017,"4,390.3"
29-08-2017,"4,597.3"
30-08-2017,"4,583.0"
31-08-2017,"4,735.1"
01-09-2017,"4,921.9"
02-09-2017,"4,573.8"
03-09-2017,"4,612.9"
04-09-2017,"4,267.5"
05-09-2017,"4,409.1"
06-09-2017,"4,618.7"
07-09-2017,"4,635.6"
08-09-2017,"4,326.5"
09-09-2017,"4,335.1"
10-09-2017,"4,245.9"
11-09-2017,"4,217.9"
12-09-2017,"4,158.9"
13-09-2017,"3,870.3"
14-09-2017,"3,243.1"
15-09-2017,"3,713.8"
16-09-2017,"3,698.9"
17-09-2017,"3,689.6"
18-09-2017,"4,100.3"
19-09-2017,"3,908.0"
20-09-2017,"3,882.2"
21-09-2017,"3,617.3"
22-09-2017,"3,600.8"
23-09-2017,"3,788.0"
24-09-2017,"3,667.5"
25-09-2017,"3,932.8"
26-09-2017,"3,892.7"
27-09-2017,"4,212.2"
28-09-2017,"4,195.6"
29-09-2017,"4,172.8"
30-09-2017,"4,360.6"
01-10-2017,"4,403.1"
02-10-2017,"4,401.3"
03-10-2017,"4,314.2"
04-10-2017,"4,218.7"
05-10-2017,"4,321.4"
06-10-2017,"4,371.9"
07-10-2017,"4,435.8"
08-10-2017,"4,611.7"
09-10-2017,"4,777.5"
10-10-2017,"4,763.4"
11-10-2017,"4,824.2"
12-10-2017,"5,432.6"
13-10-2017,"5,637.3"
14-10-2017,"5,824.7"
15-10-2017,"5,688.1"
16-10-2017,"5,759.3"
17-10-2017,"5,598.6"
18-10-2017,"5,575.8"
19-10-2017,"5,698.6"
20-10-2017,"5,993.1"
21-10-2017,"6,006.6"
22-10-2017,"5,982.9"
23-10-2017,"5,903.6"
24-10-2017,"5,513.1"
25-10-2017,"5,734.0"
26-10-2017,"5,887.6"
27-10-2017,"5,764.6"
28-10-2017,"5,726.6"
29-10-2017,"6,147.5"
30-10-2017,"6,124.3"
31-10-2017,"6,451.2"
01-11-2017,"6,737.8"
02-11-2017,"7,024.8"
03-11-2017,"7,152.1"
04-11-2017,"7,363.8"
05-11-2017,"7,389.5"
06-11-2017,"6,959.2"
07-11-2017,"7,102.8"
08-11-2017,"7,444.4"
09-11-2017,"7,129.6"
10-11-2017,"6,565.8"
11-11-2017,"6,339.9"
12-11-2017,"5,878.1"
13-11-2017,"6,522.5"
14-11-2017,"6,597.1"
15-11-2017,"7,283.2"
16-11-2017,"7,853.7"
17-11-2017,"7,700.0"
18-11-2017,"7,780.9"
19-11-2017,"8,042.6"
20-11-2017,"8,244.7"
21-11-2017,"8,100.0"
22-11-2017,"8,234.5"
23-11-2017,"8,013.4"
24-11-2017,"8,200.8"
25-11-2017,"8,754.7"
26-11-2017,"9,318.4"
27-11-2017,"9,733.2"
28-11-2017,"9,906.0"
29-11-2017,"9,837.9"
30-11-2017,"9,946.8"
01-12-2017,"10,861.5"
02-12-2017,"10,912.7"
03-12-2017,"11,246.2"
04-12-2017,"11,623.9"
05-12-2017,"11,667.1"
06-12-2017,"13,749.6"
07-12-2017,"16,850.3"
08-12-2017,"16,047.6"
09-12-2017,"14,843.4"
10-12-2017,"15,059.6"
11-12-2017,"16,732.5"
12-12-2017,"17,083.9"
13-12-2017,"16,286.8"
14-12-2017,"16,467.9"
15-12-2017,"17,604.8"
16-12-2017,"19,345.5"
17-12-2017,"19,065.7"
18-12-2017,"18,972.3"
19-12-2017,"17,523.7"
20-12-2017,"16,462.0"
21-12-2017,"15,632.1"
22-12-2017,"13,665.0"
23-12-2017,"14,396.5"
24-12-2017,"13,790.0"
25-12-2017,"13,833.5"
26-12-2017,"15,756.6"
27-12-2017,"15,416.6"
28-12-2017,"14,398.7"
29-12-2017,"14,392.6"
30-12-2017,"12,531.5"
31-12-2017,"13,850.4"
01-01-2018,"13,444.9"
02-01-2018,"14,754.1"
03-01-2018,"15,156.6"
04-01-2018,"15,180.1"
05-01-2018,"16,954.8"
06-01-2018,"17,172.3"
07-01-2018,"16,228.2"
08-01-2018,"14,976.2"
09-01-2018,"14,778.5"
10-01-2018,"15,043.0"
11-01-2018,"13,535.4"
12-01-2018,"13,886.7"
13-01-2018,"14,292.2"
14-01-2018,"13,695.2"
15-01-2018,"13,697.5"
16-01-2018,"11,362.0"
17-01-2018,"11,192.3"
18-01-2018,"11,245.4"
19-01-2018,"11,580.2"
20-01-2018,"12,858.9"
21-01-2018,"11,594.9"
22-01-2018,"10,864.8"
23-01-2018,"10,903.2"
24-01-2018,"11,452.3"
25-01-2018,"11,203.0"
26-01-2018,"11,118.1"
27-01-2018,"11,467.5"
28-01-2018,"11,795.1"
29-01-2018,"11,244.8"
30-01-2018,"10,166.0"
31-01-2018,"10,265.4"
01-02-2018,"9,181.1"
02-02-2018,"8,893.2"
03-02-2018,"9,241.1"
04-02-2018,"8,222.2"
05-02-2018,"6,938.5"
06-02-2018,"7,701.2"
07-02-2018,"7,594.7"
08-02-2018,"8,164.2"
09-02-2018,"8,699.8"
10-02-2018,"8,559.6"
11-02-2018,"8,081.9"
12-02-2018,"8,903.5"
13-02-2018,"8,539.2"
14-02-2018,"9,476.3"
15-02-2018,"10,037.3"
16-02-2018,"10,178.7"
17-02-2018,"11,073.5"
18-02-2018,"10,398.8"
19-02-2018,"11,169.4"
20-02-2018,"11,238.7"
21-02-2018,"10,473.0"
22-02-2018,"9,841.7"
23-02-2018,"10,170.4"
24-02-2018,"9,704.3"
25-02-2018,"9,585.2"
26-02-2018,"10,285.1"
27-02-2018,"10,594.4"
28-02-2018,"10,333.9"
01-03-2018,"10,904.5"
02-03-2018,"10,827.7"
03-03-2018,"11,402.3"
04-03-2018,"11,416.5"
05-03-2018,"11,330.6"
06-03-2018,"10,675.1"
07-03-2018,"9,902.9"
08-03-2018,"9,300.0"
09-03-2018,"9,217.0"
10-03-2018,"8,762.0"
11-03-2018,"9,529.6"
12-03-2018,"9,137.4"
13-03-2018,"9,154.9"
14-03-2018,"8,210.6"
15-03-2018,"8,264.4"
16-03-2018,"8,289.2"
17-03-2018,"7,874.9"
18-03-2018,"8,201.2"
19-03-2018,"8,616.8"
20-03-2018,"8,912.6"
21-03-2018,"8,905.9"
22-03-2018,"8,726.2"
23-03-2018,"8,916.8"
24-03-2018,"8,547.4"
25-03-2018,"8,473.2"
26-03-2018,"8,143.5"
27-03-2018,"7,801.7"
28-03-2018,"7,954.9"
29-03-2018,"7,129.2"
30-03-2018,"6,853.7"
31-03-2018,"6,938.2"
01-04-2018,"6,825.2"
02-04-2018,"7,068.4"
03-04-2018,"7,424.2"
04-04-2018,"6,808.9"
05-04-2018,"6,782.0"
06-04-2018,"6,624.3"
07-04-2018,"6,905.7"
08-04-2018,"7,030.5"
09-04-2018,"6,781.9"
10-04-2018,"6,854.8"
11-04-2018,"6,962.1"
12-04-2018,"7,926.6"
13-04-2018,"7,887.4"
14-04-2018,"8,004.4"
15-04-2018,"8,363.6"
16-04-2018,"8,070.0"
17-04-2018,"7,908.6"
18-04-2018,"8,178.4"
19-04-2018,"8,290.8"
20-04-2018,"8,867.0"
21-04-2018,"8,923.1"
22-04-2018,"8,806.7"
23-04-2018,"8,952.8"
24-04-2018,"9,645.3"
25-04-2018,"8,873.1"
26-04-2018,"9,287.0"
27-04-2018,"8,940.9"
28-04-2018,"9,352.4"
29-04-2018,"9,415.1"
30-04-2018,"9,245.1"
01-05-2018,"9,074.9"
02-05-2018,"9,243.2"
03-05-2018,"9,749.7"
04-05-2018,"9,708.6"
05-05-2018,"9,853.5"
06-05-2018,"9,656.4"
07-05-2018,"9,431.6"
08-05-2018,"9,196.4"
09-05-2018,"9,319.1"
10-05-2018,"9,025.7"
11-05-2018,"8,408.3"
12-05-2018,"8,459.5"
13-05-2018,"8,693.5"
14-05-2018,"8,674.1"
15-05-2018,"8,477.0"
16-05-2018,"8,344.4"
17-05-2018,"8,063.0"
18-05-2018,"8,245.7"
19-05-2018,"8,245.1"
20-05-2018,"8,529.0"
21-05-2018,"8,403.3"
22-05-2018,"8,006.0"
23-05-2018,"7,512.3"
24-05-2018,"7,592.9"
25-05-2018,"7,477.7"
26-05-2018,"7,361.3"
27-05-2018,"7,366.7"
28-05-2018,"7,119.3"
29-05-2018,"7,467.7"
30-05-2018,"7,400.1"
31-05-2018,"7,502.6"
01-06-2018,"7,530.8"
02-06-2018,"7,646.6"
03-06-2018,"7,729.3"
04-06-2018,"7,504.3"
05-06-2018,"7,631.5"
06-06-2018,"7,661.0"
07-06-2018,"7,697.8"
08-06-2018,"7,622.1"
09-06-2018,"7,515.8"
10-06-2018,"6,775.1"
11-06-2018,"6,885.9"
12-06-2018,"6,558.2"
13-06-2018,"6,312.3"
14-06-2018,"6,647.1"
15-06-2018,"6,410.3"
16-06-2018,"6,505.8"
17-06-2018,"6,460.3"
18-06-2018,"6,719.8"
19-06-2018,"6,752.4"
20-06-2018,"6,765.4"
21-06-2018,"6,728.0"
22-06-2018,"6,055.7"
23-06-2018,"6,167.3"
24-06-2018,"6,154.6"
25-06-2018,"6,256.6"
26-06-2018,"6,082.1"
27-06-2018,"6,154.9"
28-06-2018,"5,883.5"
29-06-2018,"6,213.3"
30-06-2018,"6,398.9"
01-07-2018,"6,366.8"
02-07-2018,"6,619.5"
03-07-2018,"6,513.5"
04-07-2018,"6,598.4"
05-07-2018,"6,546.5"
06-07-2018,"6,617.7"
07-07-2018,"6,765.5"
08-07-2018,"6,714.8"
09-07-2018,"6,667.1"
10-07-2018,"6,307.2"
11-07-2018,"6,389.1"
12-07-2018,"6,250.6"
13-07-2018,"6,230.2"
14-07-2018,"6,254.8"
15-07-2018,"6,362.9"
16-07-2018,"6,729.9"
17-07-2018,"7,322.0"
18-07-2018,"7,383.6"
19-07-2018,"7,477.5"
20-07-2018,"7,339.4"
21-07-2018,"7,408.7"
22-07-2018,"7,412.3"
23-07-2018,"7,723.0"
24-07-2018,"8,407.0"
25-07-2018,"8,173.7"
26-07-2018,"7,937.0"
27-07-2018,"8,187.4"
28-07-2018,"8,234.1"
29-07-2018,"8,215.6"
30-07-2018,"8,177.1"
31-07-2018,"7,729.4"
01-08-2018,"7,606.4"
02-08-2018,"7,535.6"
03-08-2018,"7,419.0"
04-08-2018,"7,014.3"
05-08-2018,"7,027.1"
06-08-2018,"6,943.6"
07-08-2018,"6,724.9"
08-08-2018,"6,283.6"
09-08-2018,"6,538.8"
10-08-2018,"6,152.3"
11-08-2018,"6,231.6"
12-08-2018,"6,313.0"
13-08-2018,"6,255.3"
14-08-2018,"6,190.2"
15-08-2018,"6,256.9"
16-08-2018,"6,306.7"
17-08-2018,"6,581.7"
18-08-2018,"6,379.1"
19-08-2018,"6,481.5"
20-08-2018,"6,268.1"
21-08-2018,"6,482.2"
22-08-2018,"6,359.6"
23-08-2018,"6,521.2"
24-08-2018,"6,680.4"
25-08-2018,"6,734.8"
26-08-2018,"6,712.7"
27-08-2018,"6,897.6"
28-08-2018,"7,074.6"
29-08-2018,"7,029.1"
30-08-2018,"6,993.7"
31-08-2018,"7,033.8"
01-09-2018,"7,189.6"
02-09-2018,"7,293.9"
03-09-2018,"7,264.2"
04-09-2018,"7,377.5"
05-09-2018,"6,706.8"
06-09-2018,"6,514.0"
07-09-2018,"6,390.9"
08-09-2018,"6,184.3"
09-09-2018,"6,238.5"
10-09-2018,"6,321.0"
11-09-2018,"6,293.9"
12-09-2018,"6,338.0"
13-09-2018,"6,482.9"
14-09-2018,"6,483.7"
15-09-2018,"6,519.0"
16-09-2018,"6,500.2"
17-09-2018,"6,251.9"
18-09-2018,"6,342.0"
19-09-2018,"6,390.4"
20-09-2018,"6,489.2"
21-09-2018,"6,766.7"
22-09-2018,"6,729.6"
23-09-2018,"6,704.1"
24-09-2018,"6,584.1"
25-09-2018,"6,445.1"
26-09-2018,"6,468.1"
27-09-2018,"6,689.2"
28-09-2018,"6,636.0"
29-09-2018,"6,603.9"
30-09-2018,"6,635.2"
01-10-2018,"6,608.2"
02-10-2018,"6,549.9"
03-10-2018,"6,507.8"
04-10-2018,"6,584.2"
05-10-2018,"6,639.1"
06-10-2018,"6,596.3"
07-10-2018,"6,611.0"
08-10-2018,"6,669.6"
09-10-2018,"6,650.8"
10-10-2018,"6,618.0"
11-10-2018,"6,239.1"
12-10-2018,"6,291.3"
13-10-2018,"6,321.7"
14-10-2018,"6,326.8"
15-10-2018,"6,699.8"
16-10-2018,"6,705.3"
17-10-2018,"6,686.6"
18-10-2018,"6,574.1"
19-10-2018,"6,512.0"
20-10-2018,"6,572.2"
21-10-2018,"6,583.0"
22-10-2018,"6,555.8"
23-10-2018,"6,528.7"
24-10-2018,"6,530.7"
25-10-2018,"6,507.0"
26-10-2018,"6,510.0"
27-10-2018,"6,494.2"
28-10-2018,"6,486.1"
29-10-2018,"6,335.0"
30-10-2018,"6,325.7"
31-10-2018,"6,365.9"
01-11-2018,"6,400.5"
02-11-2018,"6,424.7"
03-11-2018,"6,386.2"
04-11-2018,"6,478.2"
05-11-2018,"6,459.7"
06-11-2018,"6,502.8"
07-11-2018,"6,565.3"
08-11-2018,"6,474.0"
09-11-2018,"6,412.0"
10-11-2018,"6,427.1"
11-11-2018,"6,446.1"
12-11-2018,"6,435.0"
13-11-2018,"6,429.2"
14-11-2018,"5,842.4"
15-11-2018,"5,718.9"
16-11-2018,"5,636.2"
17-11-2018,"5,621.8"
18-11-2018,"5,658.3"
19-11-2018,"4,883.8"
20-11-2018,"4,524.6"
21-11-2018,"4,638.7"
22-11-2018,"4,356.0"
23-11-2018,"4,398.0"
24-11-2018,"3,920.4"
25-11-2018,"4,062.2"
26-11-2018,"3,837.0"
27-11-2018,"3,866.5"
28-11-2018,"4,265.4"
29-11-2018,"4,296.5"
30-11-2018,"4,039.7"
01-12-2018,"4,196.2"
02-12-2018,"4,160.4"
03-12-2018,"3,897.8"
04-12-2018,"3,958.5"
05-12-2018,"3,771.6"
06-12-2018,"3,508.6"
07-12-2018,"3,422.2"
08-12-2018,"3,430.4"
09-12-2018,"3,567.5"
10-12-2018,"3,460.5"
11-12-2018,"3,407.7"
12-12-2018,"3,466.1"
13-12-2018,"3,315.3"
14-12-2018,"3,247.8"
15-12-2018,"3,228.7"
16-12-2018,"3,247.9"
17-12-2018,"3,526.1"
18-12-2018,"3,668.0"
19-12-2018,"3,687.1"
20-12-2018,"4,076.0"
21-12-2018,"3,850.9"
22-12-2018,"3,964.4"
23-12-2018,"3,944.4"
24-12-2018,"4,026.1"
25-12-2018,"3,762.5"
26-12-2018,"3,793.7"
27-12-2018,"3,586.9"
28-12-2018,"3,861.6"
29-12-2018,"3,706.8"
30-12-2018,"3,815.0"
31-12-2018,"3,709.4"
01-01-2019,"3,809.4"
02-01-2019,"3,873.8"
03-01-2019,"3,780.1"
04-01-2019,"3,802.7"
05-01-2019,"3,785.4"
06-01-2019,"4,004.1"
07-01-2019,"3,985.9"
08-01-2019,"3,971.0"
09-01-2019,"3,978.0"
10-01-2019,"3,603.7"
11-01-2019,"3,616.5"
12-01-2019,"3,597.2"
13-01-2019,"3,490.2"
14-01-2019,"3,638.1"
15-01-2019,"3,571.3"
16-01-2019,"3,588.0"
17-01-2019,"3,626.4"
18-01-2019,"3,605.6"
19-01-2019,"3,677.8"
20-01-2019,"3,542.3"
21-01-2019,"3,536.7"
22-01-2019,"3,580.1"
23-01-2019,"3,561.5"
24-01-2019,"3,574.3"
25-01-2019,"3,572.0"
26-01-2019,"3,570.9"
27-01-2019,"3,555.6"
28-01-2019,"3,442.8"
29-01-2019,"3,414.8"
30-01-2019,"3,460.0"
31-01-2019,"3,437.2"
01-02-2019,"3,467.9"
02-02-2019,"3,502.5"
03-02-2019,"3,459.1"
04-02-2019,"3,462.8"
05-02-2019,"3,468.4"
06-02-2019,"3,404.3"
07-02-2019,"3,397.7"
08-02-2019,"3,661.7"
09-02-2019,"3,661.4"
10-02-2019,"3,679.0"
11-02-2019,"3,631.8"
12-02-2019,"3,632.0"
13-02-2019,"3,611.5"
14-02-2019,"3,592.6"
15-02-2019,"3,604.7"
16-02-2019,"3,616.8"
17-02-2019,"3,664.2"
18-02-2019,"3,896.0"
19-02-2019,"3,914.3"
20-02-2019,"3,972.4"
21-02-2019,"3,936.6"
22-02-2019,"3,965.2"
23-02-2019,"4,120.4"
24-02-2019,"3,755.2"
25-02-2019,"3,833.7"
26-02-2019,"3,810.3"
27-02-2019,"3,814.6"
28-02-2019,"3,816.6"
01-03-2019,"3,821.9"
02-03-2019,"3,823.1"
03-03-2019,"3,809.5"
04-03-2019,"3,715.9"
05-03-2019,"3,857.2"
06-03-2019,"3,863.0"
07-03-2019,"3,875.1"
08-03-2019,"3,865.9"
09-03-2019,"3,944.3"
10-03-2019,"3,915.2"
11-03-2019,"3,870.3"
12-03-2019,"3,886.0"
13-03-2019,"3,865.1"
14-03-2019,"3,879.0"
15-03-2019,"3,924.3"
16-03-2019,"4,006.4"
17-03-2019,"3,981.5"
18-03-2019,"3,990.2"
19-03-2019,"4,017.0"
20-03-2019,"4,041.2"
21-03-2019,"3,982.2"
22-03-2019,"3,990.4"
23-03-2019,"4,002.5"
24-03-2019,"3,994.7"
25-03-2019,"3,937.0"
26-03-2019,"3,942.8"
27-03-2019,"4,041.7"
28-03-2019,"4,025.6"
29-03-2019,"4,102.2"
30-03-2019,"4,111.8"
31-03-2019,"4,102.3"
01-04-2019,"4,145.1"
02-04-2019,"4,859.3"
03-04-2019,"4,968.7"
04-04-2019,"4,902.4"
05-04-2019,"5,010.2"
06-04-2019,"5,046.2"
07-04-2019,"5,173.6"
08-04-2019,"5,245.2"
09-04-2019,"5,158.4"
10-04-2019,"5,307.8"
11-04-2019,"5,022.6"
12-04-2019,"5,054.2"
13-04-2019,"5,051.8"
14-04-2019,"5,134.8"
15-04-2019,"5,032.3"
16-04-2019,"5,180.9"
17-04-2019,"5,208.3"
18-04-2019,"5,264.7"
19-04-2019,"5,241.0"
20-04-2019,"5,290.2"
21-04-2019,"5,243.5"
22-04-2019,"5,346.7"
23-04-2019,"5,511.6"
24-04-2019,"5,415.6"
25-04-2019,"5,209.1"
26-04-2019,"5,298.3"
27-04-2019,"5,265.9"
28-04-2019,"5,302.3"
29-04-2019,"5,235.0"
30-04-2019,"5,320.8"
01-05-2019,"5,384.2"
02-05-2019,"5,493.8"
03-05-2019,"5,766.8"
04-05-2019,"5,830.9"
05-05-2019,"5,774.9"
06-05-2019,"5,745.1"
07-05-2019,"5,849.5"
08-05-2019,"5,990.3"
09-05-2019,"6,191.5"
10-05-2019,"6,386.0"
11-05-2019,"7,190.3"
12-05-2019,"6,984.8"
13-05-2019,"7,806.0"
14-05-2019,"7,994.6"
15-05-2019,"8,164.6"
16-05-2019,"7,871.8"
17-05-2019,"7,359.5"
18-05-2019,"7,262.6"
19-05-2019,"8,157.2"
20-05-2019,"7,965.3"
21-05-2019,"7,930.3"
22-05-2019,"7,635.7"
23-05-2019,"7,852.1"
24-05-2019,"7,970.1"
25-05-2019,"8,027.4"
26-05-2019,"8,630.2"
27-05-2019,"8,760.1"
28-05-2019,"8,716.3"
29-05-2019,"8,647.8"
30-05-2019,"8,271.9"
31-05-2019,"8,558.3"
01-06-2019,"8,545.7"
02-06-2019,"8,728.6"
03-06-2019,"8,124.8"
04-06-2019,"7,685.5"
05-06-2019,"7,779.1"
06-06-2019,"7,784.9"
07-06-2019,"7,985.2"
08-06-2019,"7,901.4"
09-06-2019,"7,635.0"
10-06-2019,"7,987.8"
11-06-2019,"7,888.0"
12-06-2019,"8,133.1"
13-06-2019,"8,219.0"
14-06-2019,"8,656.1"
15-06-2019,"8,812.5"
16-06-2019,"8,962.5"
17-06-2019,"9,318.8"
18-06-2019,"9,080.6"
19-06-2019,"9,255.4"
20-06-2019,"9,517.0"
21-06-2019,"10,179.3"
22-06-2019,"10,721.7"
23-06-2019,"10,897.1"
24-06-2019,"11,046.4"
25-06-2019,"11,809.9"
26-06-2019,"13,063.8"
27-06-2019,"11,287.8"
28-06-2019,"12,409.1"
29-06-2019,"11,906.5"
30-06-2019,"10,818.6"
01-07-2019,"10,616.6"
02-07-2019,"10,835.9"
03-07-2019,"11,900.8"
04-07-2019,"11,163.1"
05-07-2019,"10,970.2"
06-07-2019,"11,268.0"
07-07-2019,"11,415.9"
08-07-2019,"12,252.6"
09-07-2019,"12,541.5"
10-07-2019,"12,110.6"
11-07-2019,"11,342.3"
12-07-2019,"11,762.1"
13-07-2019,"11,364.9"
14-07-2019,"10,200.1"
15-07-2019,"10,845.9"
16-07-2019,"9,424.8"
17-07-2019,"9,723.2"
18-07-2019,"10,651.4"
19-07-2019,"10,571.5"
20-07-2019,"10,826.7"
21-07-2019,"10,714.4"
22-07-2019,"10,412.5"
23-07-2019,"9,888.7"
24-07-2019,"9,804.3"
25-07-2019,"9,945.3"
26-07-2019,"9,831.0"
27-07-2019,"9,492.1"
28-07-2019,"9,727.8"
29-07-2019,"9,580.9"
30-07-2019,"9,580.7"
31-07-2019,"10,082.0"
01-08-2019,"10,380.0"
02-08-2019,"10,520.1"
03-08-2019,"10,815.7"
04-08-2019,"10,934.6"
05-08-2019,"11,816.8"
06-08-2019,"11,480.9"
07-08-2019,"12,013.9"
08-08-2019,"12,191.6"
09-08-2019,"12,089.8"
10-08-2019,"11,314.5"
11-08-2019,"11,517.2"
12-08-2019,"11,394.2"
13-08-2019,"10,892.9"
14-08-2019,"10,049.4"
15-08-2019,"10,303.4"
16-08-2019,"10,335.6"
17-08-2019,"10,218.1"
18-08-2019,"10,312.7"
19-08-2019,"10,910.7"
20-08-2019,"10,752.6"
21-08-2019,"10,141.5"
22-08-2019,"10,105.0"
23-08-2019,"10,388.7"
24-08-2019,"10,131.0"
25-08-2019,"10,136.3"
26-08-2019,"10,371.8"
27-08-2019,"10,184.8"
28-08-2019,"9,729.4"
29-08-2019,"9,491.0"
30-08-2019,"9,585.4"
31-08-2019,"9,594.4"
01-09-2019,"9,729.3"
02-09-2019,"10,348.8"
03-09-2019,"10,612.3"
04-09-2019,"10,568.2"
05-09-2019,"10,566.9"
06-09-2019,"10,309.3"
07-09-2019,"10,461.1"
08-09-2019,"10,402.8"
09-09-2019,"10,309.0"
10-09-2019,"10,105.4"
11-09-2019,"10,162.5"
12-09-2019,"10,415.1"
13-09-2019,"10,342.1"
14-09-2019,"10,337.3"
15-09-2019,"10,311.5"
16-09-2019,"10,255.5"
17-09-2019,"10,195.7"
18-09-2019,"10,164.7"
19-09-2019,"10,250.5"
20-09-2019,"10,172.7"
21-09-2019,"9,993.0"
22-09-2019,"10,031.6"
23-09-2019,"9,702.2"
24-09-2019,"8,513.9"
25-09-2019,"8,432.4"
26-09-2019,"8,063.8"
27-09-2019,"8,184.9"
28-09-2019,"8,208.5"
29-09-2019,"8,049.1"
30-09-2019,"8,284.3"
01-10-2019,"8,302.7"
02-10-2019,"8,364.1"
03-10-2019,"8,226.9"
04-10-2019,"8,148.1"
05-10-2019,"8,127.3"
06-10-2019,"7,881.9"
07-10-2019,"8,198.6"
08-10-2019,"8,182.9"
09-10-2019,"8,566.7"
10-10-2019,"8,562.3"
11-10-2019,"8,267.8"
12-10-2019,"8,304.4"
13-10-2019,"8,281.5"
14-10-2019,"8,353.3"
15-10-2019,"8,167.2"
16-10-2019,"8,000.4"
17-10-2019,"8,073.3"
18-10-2019,"7,948.5"
19-10-2019,"7,957.3"
20-10-2019,"8,223.4"
21-10-2019,"8,208.2"
22-10-2019,"8,031.4"
23-10-2019,"7,477.0"
24-10-2019,"7,422.7"
25-10-2019,"8,658.3"
26-10-2019,"9,230.6"
27-10-2019,"9,529.6"
28-10-2019,"9,207.2"
29-10-2019,"9,411.3"
30-10-2019,"9,157.9"
31-10-2019,"9,152.6"
01-11-2019,"9,230.1"
02-11-2019,"9,300.6"
03-11-2019,"9,198.3"
04-11-2019,"9,396.4"
05-11-2019,"9,310.8"
06-11-2019,"9,338.9"
07-11-2019,"9,223.5"
08-11-2019,"8,778.2"
09-11-2019,"8,804.5"
10-11-2019,"9,036.8"
11-11-2019,"8,736.9"
12-11-2019,"8,812.6"
13-11-2019,"8,783.1"
14-11-2019,"8,661.2"
15-11-2019,"8,476.3"
16-11-2019,"8,497.3"
17-11-2019,"8,509.8"
18-11-2019,"8,208.4"
19-11-2019,"8,145.7"
20-11-2019,"8,099.3"
21-11-2019,"7,627.9"
22-11-2019,"7,272.5"
23-11-2019,"7,324.1"
24-11-2019,"6,924.7"
25-11-2019,"7,115.6"
26-11-2019,"7,162.8"
27-11-2019,"7,510.6"
28-11-2019,"7,426.7"
29-11-2019,"7,742.7"
30-11-2019,"7,546.6"
01-12-2019,"7,396.4"
02-12-2019,"7,298.2"
03-12-2019,"7,291.8"
04-12-2019,"7,204.4"
05-12-2019,"7,399.2"
06-12-2019,"7,530.8"
07-12-2019,"7,510.9"
08-12-2019,"7,524.4"
09-12-2019,"7,355.8"
10-12-2019,"7,235.7"
11-12-2019,"7,208.0"
12-12-2019,"7,208.0"
13-12-2019,"7,255.2"
14-12-2019,"7,080.8"
15-12-2019,"7,128.5"
16-12-2019,"6,903.5"
17-12-2019,"6,613.3"
18-12-2019,"7,276.0"
19-12-2019,"7,165.5"
20-12-2019,"7,196.4"
21-12-2019,"7,156.2"
22-12-2019,"7,495.8"
23-12-2019,"7,322.8"
24-12-2019,"7,268.3"
25-12-2019,"7,224.8"
26-12-2019,"7,210.9"
27-12-2019,"7,261.7"
28-12-2019,"7,321.5"
29-12-2019,"7,397.5"
30-12-2019,"7,261.8"
31-12-2019,"7,196.4"
01-01-2020,"7,199.8"
02-01-2020,"6,967.0"
03-01-2020,"7,343.1"
04-01-2020,"7,376.8"
05-01-2020,"7,372.5"
06-01-2020,"7,759.1"
07-01-2020,"8,155.7"
08-01-2020,"8,059.6"
09-01-2020,"7,842.4"
10-01-2020,"8,187.1"
11-01-2020,"8,024.1"
12-01-2020,"8,187.6"
13-01-2020,"8,111.4"
14-01-2020,"8,829.2"
15-01-2020,"8,818.3"
16-01-2020,"8,726.9"
17-01-2020,"8,913.1"
18-01-2020,"8,916.3"
19-01-2020,"8,706.2"
20-01-2020,"8,641.9"
21-01-2020,"8,732.6"
22-01-2020,"8,678.5"
23-01-2020,"8,405.1"
24-01-2020,"8,439.9"
25-01-2020,"8,341.6"
26-01-2020,"8,607.8"
27-01-2020,"8,866.6"
28-01-2020,"9,377.3"
29-01-2020,"9,298.9"
30-01-2020,"9,507.3"
31-01-2020,"9,349.1"
01-02-2020,"9,381.6"
02-02-2020,"9,334.9"
03-02-2020,"9,296.6"
04-02-2020,"9,193.9"
05-02-2020,"9,611.8"
06-02-2020,"9,772.0"
07-02-2020,"9,818.6"
08-02-2020,"9,895.5"
09-02-2020,"10,151.5"
10-02-2020,"9,854.1"
11-02-2020,"10,229.5"
12-02-2020,"10,317.7"
13-02-2020,"10,235.1"
14-02-2020,"10,333.0"
15-02-2020,"9,907.7"
16-02-2020,"9,932.3"
17-02-2020,"9,701.4"
18-02-2020,"10,158.4"
19-02-2020,"9,609.4"
20-02-2020,"9,602.4"
21-02-2020,"9,684.5"
22-02-2020,"9,655.7"
23-02-2020,"9,942.7"
24-02-2020,"9,662.7"
25-02-2020,"9,317.2"
26-02-2020,"8,800.3"
27-02-2020,"8,818.6"
28-02-2020,"8,697.5"
29-02-2020,"8,543.7"
01-03-2020,"8,540.0"
02-03-2020,"8,904.8"
03-03-2020,"8,761.4"
04-03-2020,"8,757.9"
05-03-2020,"9,060.3"
06-03-2020,"9,134.8"
07-03-2020,"8,887.8"
08-03-2020,"8,034.1"
09-03-2020,"7,933.0"
10-03-2020,"7,891.2"
11-03-2020,"7,935.1"
12-03-2020,"4,826.0"
13-03-2020,"5,584.3"
14-03-2020,"5,182.7"
15-03-2020,"5,366.3"
16-03-2020,"5,030.0"
17-03-2020,"5,261.1"
18-03-2020,"5,361.4"
19-03-2020,"6,172.0"
20-03-2020,"6,205.3"
21-03-2020,"6,186.2"
22-03-2020,"5,822.1"
23-03-2020,"6,468.9"
24-03-2020,"6,744.6"
25-03-2020,"6,678.9"
26-03-2020,"6,725.1"
27-03-2020,"6,373.4"
28-03-2020,"6,233.7"
29-03-2020,"5,890.4"
30-03-2020,"6,391.0"
31-03-2020,"6,412.5"
01-04-2020,"6,638.5"
02-04-2020,"6,800.5"
03-04-2020,"6,735.9"
04-04-2020,"6,857.4"
05-04-2020,"6,772.7"
06-04-2020,"7,332.3"
07-04-2020,"7,185.2"
08-04-2020,"7,361.2"
09-04-2020,"7,289.0"
10-04-2020,"6,863.1"
11-04-2020,"6,867.8"
12-04-2020,"6,917.6"
13-04-2020,"6,841.3"
14-04-2020,"6,850.9"
15-04-2020,"6,629.1"
16-04-2020,"7,085.6"
17-04-2020,"7,035.8"
18-04-2020,"7,230.8"
19-04-2020,"7,122.9"
20-04-2020,"6,833.5"
21-04-2020,"6,842.5"
22-04-2020,"7,112.9"
23-04-2020,"7,488.5"
24-04-2020,"7,503.8"
25-04-2020,"7,540.4"
26-04-2020,"7,678.9"
27-04-2020,"7,766.0"
28-04-2020,"7,746.9"
29-04-2020,"8,770.9"
30-04-2020,"8,629.0"
01-05-2020,"8,821.6"
02-05-2020,"8,966.3"
03-05-2020,"8,885.5"
04-05-2020,"8,874.7"
05-05-2020,"9,001.0"
06-05-2020,"9,151.4"
07-05-2020,"9,979.8"
08-05-2020,"9,806.2"
09-05-2020,"9,554.6"
10-05-2020,"8,738.8"
11-05-2020,"8,579.8"
12-05-2020,"8,813.8"
13-05-2020,"9,298.7"
14-05-2020,"9,778.4"
15-05-2020,"9,318.0"
16-05-2020,"9,379.5"
17-05-2020,"9,677.7"
18-05-2020,"9,730.7"
19-05-2020,"9,773.3"
20-05-2020,"9,512.3"
21-05-2020,"9,059.0"
22-05-2020,"9,169.7"
23-05-2020,"9,177.0"
24-05-2020,"8,728.2"
25-05-2020,"8,898.2"
26-05-2020,"8,842.5"
27-05-2020,"9,199.1"
28-05-2020,"9,572.2"
29-05-2020,"9,424.8"
30-05-2020,"9,692.5"
31-05-2020,"9,454.8"
01-06-2020,"10,189.3"
02-06-2020,"9,527.6"
03-06-2020,"9,667.2"
04-06-2020,"9,794.4"
05-06-2020,"9,631.2"
06-06-2020,"9,669.6"
07-06-2020,"9,742.6"
08-06-2020,"9,777.9"
09-06-2020,"9,768.8"
10-06-2020,"9,878.8"
11-06-2020,"9,283.2"
12-06-2020,"9,466.6"
13-06-2020,"9,471.3"
14-06-2020,"9,345.3"
15-06-2020,"9,425.4"
16-06-2020,"9,523.5"
17-06-2020,"9,464.6"
18-06-2020,"9,388.1"
19-06-2020,"9,314.0"
20-06-2020,"9,358.8"
21-06-2020,"9,296.4"
22-06-2020,"9,683.7"
23-06-2020,"9,624.6"
24-06-2020,"9,302.0"
25-06-2020,"9,247.5"
26-06-2020,"9,160.0"
27-06-2020,"9,008.3"
28-06-2020,"9,124.0"
29-06-2020,"9,185.4"
30-06-2020,"9,135.4"
01-07-2020,"9,229.9"
02-07-2020,"9,085.1"
03-07-2020,"9,067.1"
04-07-2020,"9,134.4"
05-07-2020,"9,081.0"
06-07-2020,"9,339.0"
07-07-2020,"9,256.0"
08-07-2020,"9,429.9"
09-07-2020,"9,235.7"
10-07-2020,"9,285.1"
11-07-2020,"9,233.3"
12-07-2020,"9,300.8"
13-07-2020,"9,243.6"
14-07-2020,"9,253.4"
15-07-2020,"9,198.7"
16-07-2020,"9,135.3"
17-07-2020,"9,155.8"
18-07-2020,"9,170.2"
19-07-2020,"9,208.0"
20-07-2020,"9,162.4"
21-07-2020,"9,387.3"
22-07-2020,"9,513.7"
23-07-2020,"9,599.6"
24-07-2020,"9,546.4"
25-07-2020,"9,704.1"
26-07-2020,"9,932.5"
27-07-2020,"11,022.8"
28-07-2020,"10,908.5"
29-07-2020,"11,105.9"
30-07-2020,"11,096.2"
31-07-2020,"11,333.4"
01-08-2020,"11,803.1"
02-08-2020,"11,066.8"
03-08-2020,"11,224.4"
04-08-2020,"11,184.7"
05-08-2020,"11,735.1"
06-08-2020,"11,757.1"
07-08-2020,"11,592.0"
08-08-2020,"11,764.3"
09-08-2020,"11,681.2"
10-08-2020,"11,889.2"
11-08-2020,"11,390.4"
12-08-2020,"11,557.2"
13-08-2020,"11,770.9"
14-08-2020,"11,750.8"
15-08-2020,"11,845.3"
16-08-2020,"11,899.0"
17-08-2020,"12,282.6"
18-08-2020,"11,947.6"
19-08-2020,"11,750.2"
20-08-2020,"11,856.9"
21-08-2020,"11,529.2"
22-08-2020,"11,661.3"
23-08-2020,"11,641.6"
24-08-2020,"11,753.5"
25-08-2020,"11,324.8"
26-08-2020,"11,462.3"
27-08-2020,"11,327.4"
28-08-2020,"11,527.4"
29-08-2020,"11,468.1"
30-08-2020,"11,702.0"
31-08-2020,"11,644.2"
01-09-2020,"11,914.9"
02-09-2020,"11,413.3"
03-09-2020,"10,168.8"
04-09-2020,"10,472.5"
05-09-2020,"10,092.2"
06-09-2020,"10,296.4"
07-09-2020,"10,376.9"
08-09-2020,"10,126.6"
09-09-2020,"10,224.6"
10-09-2020,"10,339.7"
11-09-2020,"10,390.2"
12-09-2020,"10,441.9"
13-09-2020,"10,326.0"
14-09-2020,"10,675.3"
15-09-2020,"10,785.3"
16-09-2020,"10,949.5"
17-09-2020,"10,941.3"
18-09-2020,"10,933.0"
19-09-2020,"11,081.8"
20-09-2020,"10,921.5"
21-09-2020,"10,416.8"
22-09-2020,"10,531.5"
23-09-2020,"10,237.3"
24-09-2020,"10,739.4"
25-09-2020,"10,688.8"
26-09-2020,"10,727.9"
27-09-2020,"10,776.2"
28-09-2020,"10,693.2"
29-09-2020,"10,840.9"
30-09-2020,"10,776.1"
01-10-2020,"10,620.5"
02-10-2020,"10,572.3"
03-10-2020,"10,544.2"
04-10-2020,"10,672.9"
05-10-2020,"10,789.5"
06-10-2020,"10,602.6"
07-10-2020,"10,670.9"
08-10-2020,"10,924.1"
09-10-2020,"11,054.2"
10-10-2020,"11,298.4"
11-10-2020,"11,371.0"
12-10-2020,"11,533.9"
13-10-2020,"11,423.8"
14-10-2020,"11,420.4"
15-10-2020,"11,503.0"
16-10-2020,"11,322.0"
17-10-2020,"11,362.1"
18-10-2020,"11,506.9"
19-10-2020,"11,753.4"
20-10-2020,"11,913.5"
21-10-2020,"12,808.7"
22-10-2020,"12,974.6"
23-10-2020,"12,934.1"
24-10-2020,"13,117.2"
25-10-2020,"13,032.2"
26-10-2020,"13,061.6"
27-10-2020,"13,657.8"
28-10-2020,"13,278.9"
29-10-2020,"13,457.2"
30-10-2020,"13,559.9"
31-10-2020,"13,797.3"
01-11-2020,"13,759.4"
02-11-2020,"13,561.4"
03-11-2020,"14,019.9"
04-11-2020,"14,145.6"
05-11-2020,"15,587.1"
06-11-2020,"15,577.9"
07-11-2020,"14,828.4"
08-11-2020,"15,483.7"
09-11-2020,"15,327.2"
10-11-2020,"15,303.6"
11-11-2020,"15,695.8"
12-11-2020,"16,294.7"
13-11-2020,"16,324.2"
14-11-2020,"16,071.0"
15-11-2020,"15,953.0"
16-11-2020,"16,715.8"
17-11-2020,"17,662.3"
18-11-2020,"17,774.6"
19-11-2020,"17,803.5"
20-11-2020,"18,675.2"
21-11-2020,"18,687.2"
22-11-2020,"18,412.9"
23-11-2020,"18,379.6"
24-11-2020,"19,152.6"
25-11-2020,"18,723.0"
26-11-2020,"17,162.0"
27-11-2020,"17,127.1"
28-11-2020,"17,730.7"
29-11-2020,"18,185.5"
30-11-2020,"19,698.1"
01-12-2020,"18,770.7"
02-12-2020,"19,218.8"
03-12-2020,"19,433.3"
04-12-2020,"18,658.1"
05-12-2020,"19,146.5"
06-12-2020,"19,379.9"
07-12-2020,"19,170.7"
08-12-2020,"18,326.6"
09-12-2020,"18,546.0"
10-12-2020,"18,247.2"
11-12-2020,"18,023.6"
12-12-2020,"18,808.9"
13-12-2020,"19,176.8"
14-12-2020,"19,273.8"
15-12-2020,"19,434.9"
16-12-2020,"21,352.2"
17-12-2020,"22,825.4"
18-12-2020,"23,127.9"
19-12-2020,"23,844.0"
20-12-2020,"23,474.9"
21-12-2020,"22,728.5"
22-12-2020,"23,823.2"
23-12-2020,"23,257.9"
24-12-2020,"23,736.5"
25-12-2020,"24,689.6"
26-12-2020,"26,454.4"
27-12-2020,"26,261.3"
28-12-2020,"27,057.8"
29-12-2020,"27,376.0"
30-12-2020,"28,868.7"
31-12-2020,"28,949.4"
01-01-2021,"29,359.9"
02-01-2021,"32,193.3"
03-01-2021,"32,958.9"
04-01-2021,"32,022.6"
05-01-2021,"33,991.5"
06-01-2021,"36,793.2"
07-01-2021,"39,460.2"
08-01-2021,"40,599.3"
09-01-2021,"40,151.9"
10-01-2021,"38,192.2"
11-01-2021,"35,544.3"
12-01-2021,"34,076.1"
13-01-2021,"37,382.2"
14-01-2021,"39,175.7"
15-01-2021,"36,845.8"
16-01-2021,"36,019.5"
17-01-2021,"35,839.6"
18-01-2021,"36,613.2"
19-01-2021,"36,002.9"
20-01-2021,"35,476.3"
21-01-2021,"30,842.1"
22-01-2021,"33,000.5"
23-01-2021,"32,088.9"
24-01-2021,"32,241.3"
25-01-2021,"32,252.3"
26-01-2021,"32,502.1"
27-01-2021,"30,404.0"
28-01-2021,"33,374.8"
29-01-2021,"34,301.8"
30-01-2021,"34,283.1"
31-01-2021,"33,108.1"
01-02-2021,"33,515.7"
02-02-2021,"35,485.2"
03-02-2021,"37,646.8"
04-02-2021,"36,982.1"
05-02-2021,"38,297.6"
06-02-2021,"39,256.6"
07-02-2021,"38,852.9"
08-02-2021,"46,395.7"
09-02-2021,"46,508.6"
10-02-2021,"44,836.0"
11-02-2021,"47,990.7"
12-02-2021,"47,371.7"
13-02-2021,"47,168.7"
14-02-2021,"48,643.4"
15-02-2021,"47,936.3"
16-02-2021,"49,169.7"
17-02-2021,"52,079.2"
18-02-2021,"51,582.2"
19-02-2021,"55,906.6"
20-02-2021,"55,923.7"
21-02-2021,"57,433.8"
22-02-2021,"54,111.8"
23-02-2021,"48,911.2"
24-02-2021,"49,697.5"
25-02-2021,"46,928.5"
26-02-2021,"46,345.6"
27-02-2021,"46,136.7"
28-02-2021,"45,164.0"
01-03-2021,"49,595.5"
02-03-2021,"48,424.2"
03-03-2021,"50,395.1"
04-03-2021,"48,428.0"
05-03-2021,"48,792.5"
06-03-2021,"48,855.6"
07-03-2021,"50,982.3"
08-03-2021,"52,311.0"
09-03-2021,"54,879.0"
10-03-2021,"55,851.9"
11-03-2021,"57,799.5"
12-03-2021,"57,265.1"
13-03-2021,"61,195.3"
14-03-2021,"59,113.7"
15-03-2021,"55,791.3"
16-03-2021,"56,889.7"
17-03-2021,"58,913.5"
18-03-2021,"57,656.0"
19-03-2021,"58,088.0"
20-03-2021,"58,093.4"
21-03-2021,"57,383.8"
22-03-2021,"54,158.3"
23-03-2021,"54,452.5"
24-03-2021,"52,325.4"
25-03-2021,"51,322.3"
26-03-2021,"55,036.1"
27-03-2021,"55,862.9"
28-03-2021,"55,765.2"
29-03-2021,"57,616.2"
30-03-2021,"58,771.3"
31-03-2021,"58,763.7"
01-04-2021,"58,718.3"
02-04-2021,"58,977.3"
03-04-2021,"57,059.9"
04-04-2021,"58,199.9"
05-04-2021,"58,993.4"
06-04-2021,"57,996.3"
07-04-2021,"55,948.7"
08-04-2021,"58,077.4"
09-04-2021,"58,118.7"
10-04-2021,"59,748.4"
11-04-2021,"59,978.7"
12-04-2021,"59,863.8"
13-04-2021,"63,540.9"
14-04-2021,"62,980.4"
15-04-2021,"63,216.0"
16-04-2021,"61,379.7"
17-04-2021,"60,041.9"
18-04-2021,"56,207.1"
19-04-2021,"55,646.1"
20-04-2021,"56,483.2"
21-04-2021,"53,820.2"
22-04-2021,"51,729.5"
23-04-2021,"51,143.6"
24-04-2021,"50,088.9"
25-04-2021,"48,963.6"
26-04-2021,"54,020.5"
27-04-2021,"55,036.5"
28-04-2021,"54,841.4"
29-04-2021,"53,560.8"
30-04-2021,"57,720.3"
01-05-2021,"57,807.1"
02-05-2021,"56,603.8"
03-05-2021,"57,169.8"
04-05-2021,"53,741.5"
05-05-2021,"57,441.3"
06-05-2021,"56,405.4"
07-05-2021,"57,337.2"
08-05-2021,"58,840.1"
09-05-2021,"58,238.3"
10-05-2021,"55,848.9"
11-05-2021,"56,695.7"
12-05-2021,"49,384.2"
13-05-2021,"49,704.6"
14-05-2021,"49,839.8"
15-05-2021,"46,708.8"
16-05-2021,"46,426.4"
17-05-2021,"43,541.3"
18-05-2021,"42,897.3"
19-05-2021,"36,720.5"
20-05-2021,"40,717.2"
21-05-2021,"37,297.4"
22-05-2021,"37,448.3"
23-05-2021,"34,679.7"
24-05-2021,"38,750.6"
25-05-2021,"38,378.3"
26-05-2021,"39,249.2"
27-05-2021,"38,417.3"
28-05-2021,"35,662.5"
29-05-2021,"34,584.6"
30-05-2021,"35,652.8"
31-05-2021,"37,298.6"
01-06-2021,"36,687.6"
02-06-2021,"37,555.8"
03-06-2021,"39,187.3"
04-06-2021,"36,851.3"
05-06-2021,"35,520.0"
06-06-2021,"35,815.4"
07-06-2021,"33,578.0"
08-06-2021,"33,382.9"
09-06-2021,"37,332.2"
10-06-2021,"36,649.4"
11-06-2021,"37,314.6"
12-06-2021,"35,467.5"
13-06-2021,"39,022.9"
14-06-2021,"40,529.4"
15-06-2021,"40,156.1"
16-06-2021,"38,336.0"
17-06-2021,"38,052.0"
18-06-2021,"35,749.4"
19-06-2021,"35,513.4"
20-06-2021,"35,595.8"
21-06-2021,"31,692.0"
22-06-2021,"32,496.4"
23-06-2021,"33,674.3"
24-06-2021,"34,665.8"
25-06-2021,"31,594.0"
26-06-2021,"32,243.4"
27-06-2021,"34,678.5"
28-06-2021,"34,475.9"
29-06-2021,"35,834.7"
30-06-2021,"35,026.9"
01-07-2021,"33,543.6"
02-07-2021,"33,813.4"
03-07-2021,"34,742.8"
04-07-2021,"35,298.2"
05-07-2021,"33,687.8"
06-07-2021,"34,225.6"
07-07-2021,"33,867.8"
08-07-2021,"32,866.3"
09-07-2021,"33,797.4"
10-07-2021,"33,510.6"
11-07-2021,"34,227.7"
12-07-2021,"33,113.0"
13-07-2021,"32,728.1"
14-07-2021,"32,820.7"
15-07-2021,"31,840.5"
16-07-2021,"31,394.0"
17-07-2021,"31,518.6"
18-07-2021,"31,785.4"
19-07-2021,"30,837.2"
20-07-2021,"29,793.8"
21-07-2021,"32,131.4"
22-07-2021,"32,298.9"
23-07-2021,"33,603.3"
24-07-2021,"33,824.8"
25-07-2021,"35,391.1"
26-07-2021,"37,276.6"
27-07-2021,"39,452.0"
28-07-2021,"40,003.2"
29-07-2021,"40,001.4"
30-07-2021,"42,203.4"
31-07-2021,"41,553.7"
01-08-2021,"39,878.3"
02-08-2021,"39,168.4"
03-08-2021,"38,130.3"
04-08-2021,"39,736.9"
05-08-2021,"40,867.2"
06-08-2021,"42,795.4"
07-08-2021,"44,614.2"
08-08-2021,"43,792.8"
09-08-2021,"46,284.3"
10-08-2021,"45,593.8"
11-08-2021,"45,564.3"
12-08-2021,"44,403.4"
13-08-2021,"47,809.1"
14-08-2021,"47,081.5"
15-08-2021,"46,991.3"
16-08-2021,"45,996.3"
17-08-2021,"44,691.6"
18-08-2021,"44,723.8"
19-08-2021,"46,755.9"
20-08-2021,"49,324.0"
21-08-2021,"48,875.8"
22-08-2021,"49,254.5"
23-08-2021,"49,539.7"
24-08-2021,"47,714.7"
25-08-2021,"48,994.5"
26-08-2021,"46,831.6"
27-08-2021,"49,064.3"
28-08-2021,"48,897.1"
29-08-2021,"48,777.4"
30-08-2021,"46,992.7"
31-08-2021,"47,130.4"
01-09-2021,"48,819.4"
02-09-2021,"49,274.3"
03-09-2021,"49,999.0"
04-09-2021,"49,918.4"
05-09-2021,"51,768.6"
06-09-2021,"52,672.1"
07-09-2021,"46,779.6"
08-09-2021,"46,061.4"
09-09-2021,"46,385.6"
10-09-2021,"44,842.8"
11-09-2021,"45,161.9"
12-09-2021,"46,062.3"
13-09-2021,"44,949.5"
14-09-2021,"47,077.5"
15-09-2021,"48,130.6"
16-09-2021,"47,748.0"
17-09-2021,"47,282.8"
18-09-2021,"48,306.7"
19-09-2021,"47,238.7"
20-09-2021,"42,870.6"
21-09-2021,"40,651.3"
22-09-2021,"43,551.6"
23-09-2021,"44,869.2"
24-09-2021,"42,819.9"
25-09-2021,"42,686.8"
26-09-2021,"43,203.4"
27-09-2021,"42,172.6"
28-09-2021,"41,022.3"
29-09-2021,"41,536.8"
30-09-2021,"43,823.3"
01-10-2021,"48,146.0"
02-10-2021,"47,666.9"
03-10-2021,"48,200.1"
04-10-2021,"49,227.3"
05-10-2021,"51,469.3"
06-10-2021,"55,323.2"
07-10-2021,"53,783.9"
08-10-2021,"53,914.7"
09-10-2021,"54,942.5"
10-10-2021,"54,687.7"
11-10-2021,"57,477.3"
12-10-2021,"56,015.9"
13-10-2021,"57,380.1"
14-10-2021,"57,345.8"
15-10-2021,"61,672.5"
16-10-2021,"60,861.1"
17-10-2021,"61,527.5"
18-10-2021,"62,056.3"
19-10-2021,"64,278.5"
20-10-2021,"65,979.1"
21-10-2021,"62,210.2"
22-10-2021,"60,690.3"
23-10-2021,"61,312.5"
24-10-2021,"60,866.5"
25-10-2021,"63,067.0"
26-10-2021,"60,310.8"
27-10-2021,"58,438.1"
28-10-2021,"60,582.5"
29-10-2021,"62,242.8"
30-10-2021,"61,840.1"
31-10-2021,"61,309.6"
01-11-2021,"60,915.3"
02-11-2021,"63,221.7"
03-11-2021,"62,918.5"
04-11-2021,"61,412.6"
05-11-2021,"60,974.3"
06-11-2021,"61,483.9"
07-11-2021,"63,273.2"
08-11-2021,"67,527.9"
09-11-2021,"66,904.4"
10-11-2021,"64,932.6"
11-11-2021,"64,806.7"
12-11-2021,"64,134.5"
13-11-2021,"64,398.6"
14-11-2021,"65,508.2"
15-11-2021,"63,597.9"
16-11-2021,"60,089.1"
17-11-2021,"60,367.8"
18-11-2021,"56,955.3"
19-11-2021,"58,083.4"
20-11-2021,"59,717.6"
21-11-2021,"58,714.3"
22-11-2021,"56,308.8"
23-11-2021,"57,573.2"
24-11-2021,"57,171.7"
25-11-2021,"58,935.1"
26-11-2021,"53,730.9"
27-11-2021,"54,765.9"
28-11-2021,"57,291.5"
29-11-2021,"57,794.8"
30-11-2021,"56,882.9"
01-12-2021,"57,210.3"
02-12-2021,"56,496.0"
03-12-2021,"53,631.5"
04-12-2021,"49,195.2"
05-12-2021,"49,405.5"
06-12-2021,"50,562.1"
07-12-2021,"50,595.2"
08-12-2021,"50,473.9"
09-12-2021,"47,596.6"
10-12-2021,"47,137.2"
11-12-2021,"49,314.5"
12-12-2021,"50,081.0"
13-12-2021,"46,703.6"
14-12-2021,"48,366.5"
15-12-2021,"48,871.5"
16-12-2021,"47,628.2"
17-12-2021,"46,172.2"
18-12-2021,"46,856.2"
19-12-2021,"46,704.5"
20-12-2021,"46,895.2"
21-12-2021,"48,902.0"
22-12-2021,"48,599.7"
23-12-2021,"50,801.0"
24-12-2021,"50,786.1"
25-12-2021,"50,406.4"
26-12-2021,"50,779.9"
27-12-2021,"50,678.2"
28-12-2021,"47,545.2"
29-12-2021,"46,461.7"
30-12-2021,"47,123.3"
31-12-2021,"46,219.5"
01-01-2022,"47,738.0"
02-01-2022,"47,311.8"
03-01-2022,"46,430.2"
04-01-2022,"45,837.3"
05-01-2022,"43,425.9"
06-01-2022,"43,097.5"
07-01-2022,"41,546.7"
08-01-2022,"41,672.0"
09-01-2022,"41,848.3"
10-01-2022,"41,832.2"
11-01-2022,"42,733.2"
12-01-2022,"43,901.0"
13-01-2022,"42,560.0"
14-01-2022,"43,073.3"
15-01-2022,"43,097.0"
16-01-2022,"43,079.1"
17-01-2022,"42,209.3"
18-01-2022,"42,364.6"
19-01-2022,"41,677.8"
20-01-2022,"40,715.9"
21-01-2022,"36,475.5"
22-01-2022,"35,075.2"
23-01-2022,"36,269.5"
24-01-2022,"36,686.3"
25-01-2022,"36,950.6"
26-01-2022,"36,800.4"
27-01-2022,"37,164.3"
28-01-2022,"37,745.1"
29-01-2022,"38,170.8"
30-01-2022,"37,917.7"
31-01-2022,"38,498.6"
01-02-2022,"38,709.7"
02-02-2022,"36,890.2"
03-02-2022,"37,287.8"
04-02-2022,"41,567.6"
05-02-2022,"41,412.1"
06-02-2022,"42,392.2"
07-02-2022,"43,833.9"
08-02-2022,"44,038.2"
09-02-2022,"44,388.9"
10-02-2022,"43,521.0"
11-02-2022,"42,388.4"
12-02-2022,"42,205.2"
13-02-2022,"42,061.1"
14-02-2022,"42,550.3"
15-02-2022,"44,544.4"
16-02-2022,"43,883.6"
17-02-2022,"40,552.8"
18-02-2022,"40,000.1"
19-02-2022,"40,090.3"
20-02-2022,"38,355.0"
21-02-2022,"37,017.7"
22-02-2022,"38,248.2"
23-02-2022,"37,224.6"
24-02-2022,"38,339.2"
25-02-2022,"39,209.6"
26-02-2022,"39,115.5"
27-02-2022,"37,689.1"
28-02-2022,"43,188.2"
01-03-2022,"44,420.3"
02-03-2022,"43,912.8"
03-03-2022,"42,463.0"
04-03-2022,"39,142.7"
05-03-2022,"39,395.8"
06-03-2022,"38,403.1"
07-03-2022,"38,024.8"
08-03-2022,"38,744.8"
09-03-2022,"41,929.0"
10-03-2022,"39,416.3"
11-03-2022,"38,730.2"
12-03-2022,"38,814.3"
13-03-2022,"37,792.4"
14-03-2022,"39,671.1"
15-03-2022,"39,285.7"
16-03-2022,"41,118.7"
17-03-2022,"40,914.8"
18-03-2022,"41,767.8"
19-03-2022,"42,233.0"
20-03-2022,"41,276.0"
21-03-2022,"41,022.0"
22-03-2022,"42,373.0"
23-03-2022,"42,912.0"
24-03-2022,"44,013.0"
25-03-2022,"44,331.0"
26-03-2022,"44,548.0"
27-03-2022,"46,859.0"
28-03-2022,"47,105.0"
29-03-2022,"47,449.0"
30-03-2022,"47,075.0"
31-03-2022,"45,525.0"
01-04-2022,"46,297.0"
02-04-2022,"45,811.0"
03-04-2022,"46,407.0"
04-04-2022,"46,629.0"
05-04-2022,"45,506.0"
06-04-2022,"43,173.0"
07-04-2022,"43,448.0"
08-04-2022,"42,275.0"
09-04-2022,"42,767.0"
10-04-2022,"42,138.0"
11-04-2022,"39,497.0"
12-04-2022,"40,078.0"
13-04-2022,"41,133.0"
14-04-2022,"39,936.0"
15-04-2022,"40,560.0"
16-04-2022,"40,382.0"
17-04-2022,"39,703.0"
18-04-2022,"40,803.0"
19-04-2022,"41,503.0"
20-04-2022,"41,368.0"
21-04-2022,"40,482.0"
22-04-2022,"39,709.0"
23-04-2022,"39,418.0"
24-04-2022,"39,464.0"
25-04-2022,"40,427.0"
26-04-2022,"38,113.0"
27-04-2022,"39,243.0"
28-04-2022,"39,748.0"
29-04-2022,"38,581.0"
30-04-2022,"37,650.0"
01-05-2022,"38,461.0"
02-05-2022,"38,514.0"
03-05-2022,"37,718.0"
04-05-2022,"39,688.0"
05-05-2022,"36,544.0"
06-05-2022,"36,009.0"
07-05-2022,"35,468.0"
08-05-2022,"34,060.0"
09-05-2022,"30,095.0"
10-05-2022,"31,007.5"
11-05-2022,"29,068.2"
12-05-2022,"28,976.0"
13-05-2022,"29,284.4"
14-05-2022,"30,080.4"
15-05-2022,"31,308.7"
16-05-2022,"29,849.0"
17-05-2022,"30,437.5"
18-05-2022,"28,683.7"
19-05-2022,"30,305.9"
20-05-2022,"29,178.6"
21-05-2022,"29,434.6"
22-05-2022,"30,286.6"
23-05-2022,"29,093.3"
24-05-2022,"29,648.7"
25-05-2022,"29,540.6"
26-05-2022,"29,203.5"
27-05-2022,"28,601.2"
28-05-2022,"29,027.1"
29-05-2022,"29,465.2"
30-05-2022,"31,723.3"
31-05-2022,"31,793.4"
01-06-2022,"29,798.5"
02-06-2022,"30,455.5"
03-06-2022,"29,700.9"
04-06-2022,"29,864.3"
05-06-2022,"29,913.0"
06-06-2022,"31,367.6"
07-06-2022,"31,128.8"
08-06-2022,"30,201.6"
09-06-2022,"30,097.8"
10-06-2022,"29,083.3"
11-06-2022,"28,403.4"
12-06-2022,"26,606.3"
13-06-2022,"22,448.0"
14-06-2022,"22,157.3"
15-06-2022,"22,577.9"
16-06-2022,"20,386.6"
17-06-2022,"20,444.6"
18-06-2022,"18,986.5"
19-06-2022,"20,577.2"
20-06-2022,"20,572.3"
21-06-2022,"20,720.4"
22-06-2022,"19,965.8"
23-06-2022,"21,100.7"
24-06-2022,"21,226.9"
25-06-2022,"21,489.9"
26-06-2022,"21,043.5"
27-06-2022,"20,730.2"
28-06-2022,"20,278.0"
29-06-2022,"20,111.3"
30-06-2022,"19,926.6"
01-07-2022,"19,262.9"
02-07-2022,"19,243.2"
03-07-2022,"19,309.9"
04-07-2022,"20,215.8"
05-07-2022,"20,200.6"
06-07-2022,"20,561.1"
07-07-2022,"21,637.8"
08-07-2022,"21,611.2"
09-07-2022,"21,587.5"
10-07-2022,"20,847.4"
11-07-2022,"19,963.2"
12-07-2022,"19,330.9"
13-07-2022,"20,250.0"
14-07-2022,"20,586.0"
15-07-2022,"20,825.1"
16-07-2022,"21,209.9"
17-07-2022,"20,785.6"
18-07-2022,"22,525.8"
19-07-2022,"23,410.2"
20-07-2022,"23,215.2"
21-07-2022,"23,153.0"
22-07-2022,"22,675.2"
23-07-2022,"22,460.4"
24-07-2022,"22,582.1"
25-07-2022,"21,301.9"
26-07-2022,"21,248.7"
27-07-2022,"22,958.3"
28-07-2022,"23,850.0"
29-07-2022,"23,774.3"
30-07-2022,"23,634.2"
31-07-2022,"23,303.4"
01-08-2022,"23,271.2"
02-08-2022,"22,988.6"
03-08-2022,"22,820.8"
04-08-2022,"22,612.1"
05-08-2022,"23,308.2"
06-08-2022,"22,944.2"
07-08-2022,"23,175.3"
08-08-2022,"23,816.3"
09-08-2022,"23,146.7"
10-08-2022,"23,962.9"
11-08-2022,"23,935.3"
12-08-2022,"24,398.7"
13-08-2022,"24,442.5"
14-08-2022,"24,302.8"
15-08-2022,"24,101.7"
16-08-2022,"23,856.8"
17-08-2022,"23,338.0"
18-08-2022,"23,203.6"
19-08-2022,"20,831.3"
20-08-2022,"21,138.9"
21-08-2022,"21,517.2"
22-08-2022,"21,416.3"
23-08-2022,"21,517.2"
24-08-2022,"21,365.2"
25-08-2022,"21,565.4"
26-08-2022,"20,249.9"
27-08-2022,"20,033.9"
28-08-2022,"19,550.2"
29-08-2022,"20,295.8"
30-08-2022,"19,792.6"
31-08-2022,"20,043.9"
01-09-2022,"20,126.1"
02-09-2022,"19,952.7"
03-09-2022,"19,831.4"
04-09-2022,"19,999.9"
05-09-2022,"19,793.1"
06-09-2022,"18,786.4"
07-09-2022,"19,281.5"
08-09-2022,"19,317.4"
09-09-2022,"21,365.2"
10-09-2022,"21,650.4"
11-09-2022,"21,834.9"
12-09-2022,"22,395.3"
13-09-2022,"20,175.5"
14-09-2022,"20,222.5"
15-09-2022,"19,701.7"
16-09-2022,"19,802.4"
17-09-2022,"20,113.5"
18-09-2022,"19,418.8"
19-09-2022,"19,538.9"
20-09-2022,"18,872.4"
21-09-2022,"18,489.0"
22-09-2022,"19,404.0"
23-09-2022,"19,293.5"
24-09-2022,"18,925.2"
25-09-2022,"18,803.2"
26-09-2022,"19,225.7"
27-09-2022,"19,081.0"
28-09-2022,"19,411.0"
29-09-2022,"19,593.0"
30-09-2022,"19,423.0"
01-10-2022,"19,311.9"
02-10-2022,"19,052.2"
03-10-2022,"19,628.3"
04-10-2022,"20,340.2"
05-10-2022,"20,157.5"
06-10-2022,"19,956.7"
07-10-2022,"19,531.3"
08-10-2022,"19,415.0"
09-10-2022,"19,441.0"
10-10-2022,"19,134.6"
11-10-2022,"19,059.1"
12-10-2022,"19,154.8"
13-10-2022,"19,379.8"
14-10-2022,"19,181.8"
15-10-2022,"19,068.7"
16-10-2022,"19,261.9"
17-10-2022,"19,548.2"
18-10-2022,"19,328.2"
19-10-2022,"19,123.9"
20-10-2022,"19,042.9"
21-10-2022,"19,162.6"
22-10-2022,"19,204.8"
23-10-2022,"19,571.2"
24-10-2022,"19,331.5"
25-10-2022,"20,082.7"
26-10-2022,"20,769.5"
27-10-2022,"20,292.9"
28-10-2022,"20,594.4"
29-10-2022,"20,809.8"
30-10-2022,"20,626.3"
31-10-2022,"20,496.3"
01-11-2022,"20,483.5"
02-11-2022,"20,154.4"
03-11-2022,"20,206.4"
04-11-2022,"21,145.9"
05-11-2022,"21,301.6"
06-11-2022,"20,916.3"
07-11-2022,"20,589.0"
08-11-2022,"18,527.4"
09-11-2022,"15,886.9"
10-11-2022,"17,589.1"
11-11-2022,"17,049.9"
12-11-2022,"16,795.2"
13-11-2022,"16,324.5"
14-11-2022,"16,613.7"
15-11-2022,"16,895.1"
16-11-2022,"16,540.5"
17-11-2022,"16,691.2"
18-11-2022,"16,638.3"
19-11-2022,"16,699.2"
20-11-2022,"16,286.7"
21-11-2022,"15,776.2"
22-11-2022,"16,212.9"
23-11-2022,"16,623.9"
24-11-2022,"16,601.2"
25-11-2022,"16,512.3"
26-11-2022,"16,456.5"
27-11-2022,"16,425.6"
28-11-2022,"16,211.7"
29-11-2022,"16,440.4"
30-11-2022,"17,163.9"
01-12-2022,"16,972.0"
02-12-2022,"17,093.6"
03-12-2022,"16,884.5"
04-12-2022,"17,112.6"
05-12-2022,"16,966.5"
06-12-2022,"17,089.3"
07-12-2022,"16,835.2"
08-12-2022,"17,225.7"
09-12-2022,"17,125.7"
10-12-2022,"17,127.2"
11-12-2022,"17,093.3"
12-12-2022,"17,210.4"
13-12-2022,"17,778.6"
14-12-2022,"17,796.4"
15-12-2022,"17,356.1"
16-12-2022,"16,629.6"
17-12-2022,"16,777.1"
18-12-2022,"16,741.1"
19-12-2022,"16,441.3"
20-12-2022,"16,902.8"
21-12-2022,"16,831.8"
22-12-2022,"16,820.6"
23-12-2022,"16,779.1"
24-12-2022,"16,837.2"
25-12-2022,"16,831.8"
26-12-2022,"16,918.1"
27-12-2022,"16,706.1"
28-12-2022,"16,546.2"
29-12-2022,"16,636.4"
30-12-2022,"16,607.2"
31-12-2022,"16,537.4"
01-01-2023,"16,618.4"
02-01-2023,"16,674.3"
03-01-2023,"16,674.2"
04-01-2023,"16,852.1"
05-01-2023,"16,829.8"
06-01-2023,"16,950.9"
07-01-2023,"16,943.6"
08-01-2023,"17,119.0"
09-01-2023,"17,180.1"
10-01-2023,"17,439.1"
11-01-2023,"17,942.3"
12-01-2023,"18,851.3"
13-01-2023,"19,927.0"
14-01-2023,"20,958.2"
15-01-2023,"20,879.8"
16-01-2023,"21,184.2"
17-01-2023,"21,137.1"
18-01-2023,"20,670.6"
19-01-2023,"21,081.2"
20-01-2023,"22,677.2"
21-01-2023,"22,775.7"
22-01-2023,"22,707.8"
23-01-2023,"22,915.5"
24-01-2023,"22,632.5"
25-01-2023,"23,055.1"
26-01-2023,"23,016.0"
27-01-2023,"23,074.6"
28-01-2023,"23,027.9"
29-01-2023,"23,753.1"
30-01-2023,"22,832.2"
31-01-2023,"23,125.1"
01-02-2023,"23,725.6"
02-02-2023,"23,427.6"
03-02-2023,"23,431.2"
04-02-2023,"23,323.8"
05-02-2023,"22,936.0"
06-02-2023,"22,761.8"
07-02-2023,"23,251.7"
08-02-2023,"22,964.6"
09-02-2023,"21,792.5"
10-02-2023,"21,635.0"
11-02-2023,"21,859.8"
12-02-2023,"21,786.8"
13-02-2023,"21,772.6"
14-02-2023,"22,198.5"
15-02-2023,"24,327.9"
16-02-2023,"23,539.6"
17-02-2023,"24,573.5"
18-02-2023,"24,631.4"
19-02-2023,"24,302.9"
20-02-2023,"24,839.5"
21-02-2023,"24,450.7"
22-02-2023,"24,186.6"
23-02-2023,"23,936.3"
24-02-2023,"23,191.5"
25-02-2023,"23,166.1"
26-02-2023,"23,558.7"
27-02-2023,"23,494.1"
28-02-2023,"23,130.5"
01-03-2023,"23,642.2"
02-03-2023,"23,465.4"
03-03-2023,"22,354.4"
04-03-2023,"22,347.1"
05-03-2023,"22,428.3"
06-03-2023,"22,410.0"
07-03-2023,"22,197.8"
08-03-2023,"21,710.8"
09-03-2023,"20,361.8"
10-03-2023,"20,156.7"
11-03-2023,"20,467.5"
12-03-2023,"21,994.8"
13-03-2023,"24,114.4"
14-03-2023,"24,699.7"
15-03-2023,"24,282.7"
16-03-2023,"25,004.1"
17-03-2023,"27,391.8"
18-03-2023,"26,914.5"
19-03-2023,"27,958.7"
20-03-2023,"27,720.5"
21-03-2023,"28,114.0"
22-03-2023,"27,261.7"
23-03-2023,"28,310.7"
24-03-2023,"27,462.2"
25-03-2023,"27,475.6"
26-03-2023,"27,973.5"
27-03-2023,"27,129.8"
28-03-2023,"27,262.2"
29-03-2023,"28,350.4"
30-03-2023,"28,029.5"
31-03-2023,"28,473.7"
01-04-2023,"28,456.1"
02-04-2023,"28,198.3"
03-04-2023,"27,802.1"
04-04-2023,"28,164.4"
05-04-2023,"28,173.5"
06-04-2023,"28,036.7"
07-04-2023,"27,910.4"
08-04-2023,"27,941.2"
09-04-2023,"28,326.6"
10-04-2023,"29,641.0"
11-04-2023,"30,209.6"
12-04-2023,"29,886.4"
13-04-2023,"30,387.4"
14-04-2023,"30,472.5"
15-04-2023,"30,299.6"
16-04-2023,"30,310.3"
17-04-2023,"29,434.9"
18-04-2023,"30,382.2"
19-04-2023,"28,813.7"
20-04-2023,"28,240.5"
21-04-2023,"27,264.8"
22-04-2023,"27,813.9"
23-04-2023,"27,591.4"
24-04-2023,"27,509.3"
25-04-2023,"28,298.8"
26-04-2023,"28,424.6"
27-04-2023,"29,475.9"
28-04-2023,"29,321.8"
29-04-2023,"29,234.1"
30-04-2023,"29,252.1"
01-05-2023,"28,077.6"
02-05-2023,"28,669.1"
03-05-2023,"29,023.6"
04-05-2023,"28,842.1"
05-05-2023,"29,513.2"
06-05-2023,"28,857.1"
07-05-2023,"28,424.8"
08-05-2023,"27,670.5"
09-05-2023,"27,634.9"
10-05-2023,"27,603.3"
11-05-2023,"26,983.5"
12-05-2023,"26,799.2"
13-05-2023,"26,777.5"
14-05-2023,"26,920.0"
15-05-2023,"27,183.9"
16-05-2023,"27,035.3"
17-05-2023,"27,403.1"
18-05-2023,"26,828.0"
19-05-2023,"26,882.9"
20-05-2023,"27,116.2"
21-05-2023,"26,749.9"
22-05-2023,"26,847.3"
23-05-2023,"27,220.7"
24-05-2023,"26,328.4"
25-05-2023,"26,475.8"
26-05-2023,"26,711.5"
27-05-2023,"26,857.5"
28-05-2023,"28,071.2"
29-05-2023,"27,739.4"
30-05-2023,"27,698.2"
31-05-2023,"27,216.1"
01-06-2023,"26,819.0"
02-06-2023,"27,244.7"
03-06-2023,"27,072.0"
04-06-2023,"27,122.3"
05-06-2023,"25,747.4"
06-06-2023,"27,230.2"
07-06-2023,"26,342.5"
08-06-2023,"26,501.1"
09-06-2023,"26,479.3"
10-06-2023,"25,844.0"
11-06-2023,"25,928.4"
12-06-2023,"25,906.8"
13-06-2023,"25,929.4"
14-06-2023,"25,129.5"
15-06-2023,"25,591.3"
16-06-2023,"26,341.3"
17-06-2023,"26,515.0"
18-06-2023,"26,339.7"
19-06-2023,"26,845.9"
20-06-2023,"28,307.7"
21-06-2023,"29,996.9"
22-06-2023,"29,890.5"
23-06-2023,"30,679.4"
24-06-2023,"30,533.6"
25-06-2023,"30,465.3"
26-06-2023,"30,267.0"
27-06-2023,"30,689.1"
28-06-2023,"30,078.6"
29-06-2023,"30,445.7"
30-06-2023,"30,472.9"
01-07-2023,"30,586.8"
02-07-2023,"30,617.7"
03-07-2023,"31,151.3"
04-07-2023,"30,768.4"
05-07-2023,"30,512.8"
06-07-2023,"29,913.1"
07-07-2023,"30,346.4"
08-07-2023,"30,288.8"
09-07-2023,"30,166.9"
10-07-2023,"30,415.3"
11-07-2023,"30,623.3"
12-07-2023,"30,387.3"
13-07-2023,"31,466.1"
14-07-2023,"30,317.4"
15-07-2023,"30,291.4"
16-07-2023,"30,235.5"
17-07-2023,"30,139.7"
18-07-2023,"29,866.8"
19-07-2023,"29,909.7"
20-07-2023,"29,801.0"
21-07-2023,"29,903.1"
22-07-2023,"29,788.9"
23-07-2023,"30,085.9"
24-07-2023,"29,178.1"
25-07-2023,"29,228.6"
26-07-2023,"29,352.2"
27-07-2023,"29,222.7"
28-07-2023,"29,315.0"
29-07-2023,"29,353.5"
30-07-2023,"29,281.7"
31-07-2023,"29,232.4"
01-08-2023,"29,712.2"
02-08-2023,"29,173.7"
03-08-2023,"29,189.3"
04-08-2023,"29,105.5"
05-08-2023,"29,068.1"
06-08-2023,"29,081.3"
07-08-2023,"29,204.2"
08-08-2023,"29,777.4"
09-08-2023,"29,578.0"
10-08-2023,"29,449.0"
11-08-2023,"29,420.8"
12-08-2023,"29,428.2"
13-08-2023,"29,300.1"
14-08-2023,"29,426.7"
15-08-2023,"29,195.3"
16-08-2023,"28,726.3"
17-08-2023,"26,635.7"
18-08-2023,"26,053.2"
19-08-2023,"26,099.4"
20-08-2023,"26,190.8"
21-08-2023,"26,126.0"
22-08-2023,"26,039.9"
23-08-2023,"26,436.2"
24-08-2023,"26,177.0"
25-08-2023,"26,057.2"
26-08-2023,"26,017.1"
27-08-2023,"26,100.6"
28-08-2023,"26,118.9"
29-08-2023,"27,723.9"
30-08-2023,"27,298.8"
31-08-2023,"25,937.3"
01-09-2023,"25,803.2"
02-09-2023,"25,869.7"
03-09-2023,"25,971.0"
04-09-2023,"25,823.3"
05-09-2023,"25,790.2"
06-09-2023,"25,758.0"
07-09-2023,"26,249.8"
08-09-2023,"25,909.5"
09-09-2023,"25,901.1"
10-09-2023,"25,840.2"
11-09-2023,"25,166.4"
12-09-2023,"25,834.5"
13-09-2023,"26,223.0"
14-09-2023,"26,524.7"
15-09-2023,"26,601.0"
16-09-2023,"26,562.0"
17-09-2023,"26,529.1"
18-09-2023,"26,763.5"
19-09-2023,"27,209.2"
20-09-2023,"27,125.0"
21-09-2023,"26,570.0"
22-09-2023,"26,581.9"
23-09-2023,"26,579.2"
24-09-2023,"26,251.5"
25-09-2023,"26,302.7"
26-09-2023,"26,218.9"
27-09-2023,"26,366.1"
28-09-2023,"27,022.6"
29-09-2023,"26,909.8"
30-09-2023,"26,962.7"
01-10-2023,"27,974.5"
02-10-2023,"27,505.3"
03-10-2023,"27,428.4"
04-10-2023,"27,790.9"
05-10-2023,"27,410.3"
06-10-2023,"27,936.9"
07-10-2023,"27,961.1"
08-10-2023,"27,922.7"
09-10-2023,"27,581.4"
10-10-2023,"27,391.0"
11-10-2023,"26,876.6"
12-10-2023,"26,761.1"
13-10-2023,"26,863.5"
14-10-2023,"26,852.8"
15-10-2023,"27,161.2"
16-10-2023,"28,509.7"
17-10-2023,"28,403.6"
18-10-2023,"28,321.7"
19-10-2023,"28,723.0"
20-10-2023,"29,674.5"
21-10-2023,"29,912.9"
22-10-2023,"29,984.2"
23-10-2023,"33,041.8"
24-10-2023,"33,917.0"
25-10-2023,"34,496.8"
26-10-2023,"34,153.7"
27-10-2023,"33,901.8"
28-10-2023,"34,082.6"
29-10-2023,"34,526.7"
30-10-2023,"34,477.9"
31-10-2023,"34,650.6"
01-11-2023,"35,423.8"
02-11-2023,"34,931.4"
03-11-2023,"34,718.7"
04-11-2023,"35,065.8"
05-11-2023,"35,019.4"
06-11-2023,"35,042.0"
07-11-2023,"35,426.1"
08-11-2023,"35,636.9"
09-11-2023,"36,700.5"
10-11-2023,"37,303.0"
11-11-2023,"37,150.5"
12-11-2023,"37,064.4"
13-11-2023,"36,478.3"
14-11-2023,"35,549.3"
15-11-2023,"37,874.9"
16-11-2023,"36,161.2"
17-11-2023,"36,595.4"
18-11-2023,"36,568.6"
19-11-2023,"37,354.2"
20-11-2023,"37,454.1"
21-11-2023,"35,813.6"
22-11-2023,"37,410.8"
23-11-2023,"37,293.1"
24-11-2023,"37,717.3"
25-11-2023,"37,644.2"
